Date;Sec;Open;Min;Max;Close;Deal;Volume;AV ETC
01.12.2014;GBPRUB_TOM;80,96;80,96;82,5195;82,377;6;33306140;82,4409
02.12.2014;GBPRUB_TOM;82,34;82,34;83,22;83,22;2;1080980;83,1523
03.12.2014;GBPRUB_TOM;84,02;84,02;84,02;84,02;1;756180;84,02
04.12.2014;GBPRUB_TOM;82,46;82,46;83,68;83,68;7;20281750;83,1219
05.12.2014;GBPRUB_TOM;84,15;84,15;84,18;84,18;2;1430610;84,1535
08.12.2014;GBPRUB_TOM;83,5935;83,5;84,025;83,56;6;4606958,5;83,7629
09.12.2014;GBPRUB_TOM;84,95;84,74;84,953;84,953;5;4416459;84,9319
10.12.2014;GBPRUB_TOM;85,243;85,1;85,26;85,1;5;35695601,5;85,1924
11.12.2014;GBPRUB_TOM;86,15;85,994;86,66;86,64;4;345444;86,361
12.12.2014;GBPRUB_TOM;89,3;89,3;90;90;2;6091300;89,5779
15.12.2014;GBPRUB_TOM;92;92;93,8595;93,8295;10;20525879,5;92,8773
16.12.2014;GBPRUB_TOM;96,062;96,062;96,062;96,062;1;576372;96,062
17.12.2014;GBPRUB_TOM;111,669;101,69;111,669;101,74;5;16886735;104,8866
18.12.2014;GBPRUB_TOM;96,04;92,42;96,04;92,42;3;15777960;95,048
19.12.2014;GBPRUB_TOM;93,96;93,26;94,25;93,26;5;5540379,5;93,9047
22.12.2014;GBPRUB_TOM;88,58;85,5;88,58;85,5;8;5834310;87,0793
23.12.2014;GBPRUB_TOM;86,22;84,54;86,22;84,95;11;27491030;85,3759
24.12.2014;GBPRUB_TOM;85;84,12;85;84,3;10;27595320;84,3894
25.12.2014;GBPRUB_TOM;82,08;81,46;82,08;81,48;4;24615700;81,5089
26.12.2014;GBPRUB_TOM;80,9195;80,9195;84,7025;84,6565;10;15585226,5;82,0275
29.12.2014;GBPRUB_TOM;87,327;87;89,5595;87;13;19596743,5;87,8778
30.12.2014;GBPRUB_TOM;89,35;89,35;89,35;89,35;1;1787000;89,35
05.01.2015;GBPRUB_TOM;0;0;0;0;0;0;89,35
06.01.2015;GBPRUB_TOM;90;90;90;90;2;180000;90
08.01.2015;GBPRUB_TOM;90;90;90;90;1;270000;90
09.01.2015;GBPRUB_TOM;0;0;0;0;0;0;90
12.01.2015;GBPRUB_TOM;91;91;96,1;96,1;9;11031140;95,096
13.01.2015;GBPRUB_TOM;98,06;98,06;100,6;100;7;7782842,5;98,517
14.01.2015;GBPRUB_TOM;101;101;101,16;101,16;2;6170600;101,1574
15.01.2015;GBPRUB_TOM;99,4685;98,35;99,929;98,35;10;56681379,5;99,0933
16.01.2015;GBPRUB_TOM;99,0365;98,9865;99,52;99,112;9;33423475,5;99,1795
19.01.2015;GBPRUB_TOM;98,5;97,6;98,5;97,7775;13;68059321,5;98,2097
20.01.2015;GBPRUB_TOM;97,9705;97,9705;99,5;99,17;14;20371527,5;98,4132
21.01.2015;GBPRUB_TOM;99,229;98,3005;99,9;98,3005;25;117097961,5;99,5731
22.01.2015;GBPRUB_TOM;98,977;96,98;99,29;96,98;22;33255442;98,0986
23.01.2015;GBPRUB_TOM;95,0725;94,85;96,44;96,301;23;43356280;95,0796
26.01.2015;GBPRUB_TOM;98,7;98,3235;102,2;102,2;7;8193514;98,717
27.01.2015;GBPRUB_TOM;102,1;101,42;102,75;101,42;10;57211438;102,346
28.01.2015;GBPRUB_TOM;101,7465;101,6965;103,0695;103,0695;8;16763960;102,2193
29.01.2015;GBPRUB_TOM;104,2105;104;104,5;104;6;22415330;104,2573
30.01.2015;GBPRUB_TOM;103,4295;103,4295;106,577;104,28;17;65270573;103,934
02.02.2015;GBPRUB_TOM;104,39;103,2;105,74;103,2;8;10466250;104,6625
03.02.2015;GBPRUB_TOM;101,74;99,52;101,74;99,8;15;26307100;100,7935
04.02.2015;GBPRUB_TOM;98,04;98,04;101,4;101,4;4;7775200;99,6821
05.02.2015;GBPRUB_TOM;104,6;101,78;104,64;102;9;34595920;103,8917
06.02.2015;GBPRUB_TOM;100,96;100,74;102,55;102,55;5;37067360;101,8334
09.02.2015;GBPRUB_TOM;99,55;99,55;100,7;100;5;9705500;100,0567
10.02.2015;GBPRUB_TOM;99,6;99,42;100,4;100,4;5;11312631;100,1118
11.02.2015;GBPRUB_TOM;100,75;99,5;101,16;99,5;8;34658072;100,7502
12.02.2015;GBPRUB_TOM;102,26;98,84;102,26;100,95;12;5163540;99,2988
13.02.2015;GBPRUB_TOM;100;98;100,7;98;5;22356600;99,3627
16.02.2015;GBPRUB_TOM;96,64;95,7;96,92;95,7;8;20093920;96,6054
17.02.2015;GBPRUB_TOM;96,22;95,82;96,94;96,94;13;14330580;96,1784
18.02.2015;GBPRUB_TOM;95,8;95;96,6;95;6;19478800;95,9547
19.02.2015;GBPRUB_TOM;96,1;95,4;96,1;95,4;8;10166340;95,9089
20.02.2015;GBPRUB_TOM;95,52;94,8;95,74;95,72;11;4947480;95,1438
24.02.2015;GBPRUB_TOM;97,92;97,3;97,92;97,42;12;34825880;97,5515
25.02.2015;GBPRUB_TOM;97;95,54;97,06;95,54;16;35036840;96,5202
26.02.2015;GBPRUB_TOM;94,64;93,4;94,64;93,4;16;14428420;94,3034
27.02.2015;GBPRUB_TOM;94,82;94,14;95,5;95,5;13;22662400;94,4267
02.03.2015;GBPRUB_TOM;95,98;95,66;95,98;95,9;6;7477000;95,859
03.03.2015;GBPRUB_TOM;96;95,58;96,24;95,58;9;25448040;96,0303
04.03.2015;GBPRUB_TOM;95,08;94,7;95,18;94,7;11;42879660;95,0769
05.03.2015;GBPRUB_TOM;94,3;92,5;94,36;92,5;19;22513550;93,8065
06.03.2015;GBPRUB_TOM;91,3;90,4;91,3;90,4;9;6001230;90,9277
10.03.2015;GBPRUB_TOM;91,64;91,04;93,6;93,6;13;89467700;91,5739
11.03.2015;GBPRUB_TOM;94,39;92;94,81;92;15;23735040;94,5619
12.03.2015;GBPRUB_TOM;91,22;90,5;91,58;90,86;15;34924090;91,1856
13.03.2015;GBPRUB_TOM;91,06;90,38;91,31;91,11;15;15757030;91,0811
16.03.2015;GBPRUB_TOM;91,5;91,5;92,23;92,23;8;5057350;91,9518
17.03.2015;GBPRUB_TOM;91,37;90,5;91,67;90,5;9;5209730;91,3988
18.03.2015;GBPRUB_TOM;90,8;88,9;90,8;88,9;17;35850520;89,8509
19.03.2015;GBPRUB_TOM;88,95;87,9;89,75;87,9;16;44691310;89,0265
20.03.2015;GBPRUB_TOM;88,63;88,42;89,39;88,75;14;112663310;88,5718
23.03.2015;GBPRUB_TOM;88,17;87,66;88,95;87,66;11;128537260;88,6464
24.03.2015;GBPRUB_TOM;87,97;85,8;87,97;86,36;16;17495010;87,0399
25.03.2015;GBPRUB_TOM;85,8;84,3;85,8;84,63;21;45118070;84,6493
26.03.2015;GBPRUB_TOM;84,25;84,2;85,15;85,15;14;13706200;84,6062
27.03.2015;GBPRUB_TOM;85,45;85,21;86,09;85,5;23;105007780;85,5809
30.03.2015;GBPRUB_TOM;86,79;85,2;86,89;85,2;8;5017170;86,5029
31.03.2015;GBPRUB_TOM;85,25;85,2;86,14;86,14;11;8153520;85,8265
01.04.2015;GBPRUB_TOM;86,44;85,47;86,83;85,47;14;10335810;86,1318
02.04.2015;GBPRUB_TOM;85,08;83,95;85,08;83,95;33;9552600;84,5363
03.04.2015;GBPRUB_TOM;83,75;83,75;84,76;84,76;10;65271170;84,4388
06.04.2015;GBPRUB_TOM;84,51;82,888;84,6;82,888;13;64089158;84,1065
07.04.2015;GBPRUB_TOM;82,47;81,41;82,52;81,41;19;66016815;82,2127
08.04.2015;GBPRUB_TOM;80,375;79,845;80,7;79,845;14;20561870;80,3198
09.04.2015;GBPRUB_TOM;78,495;76,8;78,495;76,8;22;27348455;77,6945
10.04.2015;GBPRUB_TOM;74,775;73,91;77,9;77,9;21;54624770;75,5529
13.04.2015;GBPRUB_TOM;75,95;75,95;77,63;77,59;19;42046210;76,7267
14.04.2015;GBPRUB_TOM;76,095;75;76,415;75;16;15503575;75,9979
15.04.2015;GBPRUB_TOM;74,643;74,09;75;74,09;24;72423271;74,433
16.04.2015;GBPRUB_TOM;73,755;73,625;74,905;74,66;24;24488325;74,4326
17.04.2015;GBPRUB_TOM;75,17;75,17;77,555;77,555;17;27095110;76,3243
20.04.2015;GBPRUB_TOM;77,01;76,95;80;78,75;27;100165570;77,8287
21.04.2015;GBPRUB_TOM;80,1;79,4;80,47;79,92;25;61170910;80,1716
22.04.2015;GBPRUB_TOM;80,22;79,48;80,32;79,48;12;24575680;80,0511
23.04.2015;GBPRUB_TOM;77,84;76,285;77,84;76,635;20;13883705;76,7056
24.04.2015;GBPRUB_TOM;75,88;75,88;77,7;77,53;19;25149335;76,6748
27.04.2015;GBPRUB_TOM;77,285;77,285;78,89;78,835;31;59730975;77,9778
28.04.2015;GBPRUB_TOM;79,8;78,4;79,895;78,545;27;80428735;79,3183
29.04.2015;GBPRUB_TOM;79,48;78,43;79,685;78,43;20;21217120;79,4649
30.04.2015;GBPRUB_TOM;79,245;78,97;79,85;79;18;43687575;79,1442
05.05.2015;GBPRUB_TOM;78,05;76,64;78,33;76,83;20;11959514;77,6592
06.05.2015;GBPRUB_TOM;76,18;75,76;77,73;77,73;22;34386920;76,2459
07.05.2015;GBPRUB_TOM;77,275;76,4;77,365;76,4;17;14563255;77,0543
08.05.2015;GBPRUB_TOM;78,5;78,1;78,795;78,79;17;40100670;78,4749
12.05.2015;GBPRUB_TOM;79,65;78,9;79,65;78,9;3;9631600;79,6
13.05.2015;GBPRUB_TOM;77,805;77;78;77,075;18;27725440;77,6623
14.05.2015;GBPRUB_TOM;78,9;78,505;78,97;78,955;13;6229010;78,8482
15.05.2015;GBPRUB_TOM;78,885;77,82;79,015;77,82;21;38646505;78,8704
18.05.2015;GBPRUB_TOM;77;76,85;77,285;76,85;25;16568880;77,0646
19.05.2015;GBPRUB_TOM;76,75;76,48;76,95;76,84;32;22769115;76,6637
20.05.2015;GBPRUB_TOM;77,015;76,87;77,85;77,37;14;19867805;77,6086
21.05.2015;GBPRUB_TOM;77,715;77,65;78,3;78,195;14;20039445;77,9745
22.05.2015;GBPRUB_TOM;79,75;77,25;79,75;77,25;30;20390485;78,1245
25.05.2015;GBPRUB_TOM;77,19;77,165;77,5;77,31;13;28132295;77,2865
26.05.2015;GBPRUB_TOM;77,5;77,495;78,55;78,55;16;36217200;77,7193
27.05.2015;GBPRUB_TOM;78,22;78,22;79,86;79,56;22;17274986;79,2431
28.05.2015;GBPRUB_TOM;80,55;80;80,96;80,9;25;208410435;80,4363
29.05.2015;GBPRUB_TOM;80,875;79,85;80,875;80;16;51103690;80,3517
01.06.2015;GBPRUB_TOM;80,895;80,85;81,415;81,415;11;9417305;81,1837
02.06.2015;GBPRUB_TOM;81,6;81,115;81,61;81,17;10;6825545;81,2565
03.06.2015;GBPRUB_TOM;81,49;81,26;83,225;83,175;14;17769800;82,2676
04.06.2015;GBPRUB_TOM;83,995;83,995;86,695;86,695;21;17918505;84,9218
05.06.2015;GBPRUB_TOM;86,775;85,35;86,775;86,45;18;85363400;85,9652
08.06.2015;GBPRUB_TOM;85,53;85,12;86,2;86,2;26;124724945;85,7216
09.06.2015;GBPRUB_TOM;85,57;85,3;85,7;85,45;10;31315670;85,5619
10.06.2015;GBPRUB_TOM;84,865;83,7;84,865;84,4;24;36256680;84,1222
11.06.2015;GBPRUB_TOM;84,35;84,35;84,895;84,8;12;29867050;84,6092
15.06.2015;GBPRUB_TOM;86,235;84,905;86,235;84,995;22;85706095;85,535
16.06.2015;GBPRUB_TOM;84,5;83,93;84,92;84,12;28;64136620;84,3903
17.06.2015;GBPRUB_TOM;84,12;84,12;85,345;85,1;17;100557075;84,7867
18.06.2015;GBPRUB_TOM;85,2;84,3;85,2;84,92;11;117946600;85,0986
19.06.2015;GBPRUB_TOM;85,25;85,25;86,255;86,255;12;13725360;85,7835
22.06.2015;GBPRUB_TOM;85,2;84,88;85,4;85,15;8;28711415;85,1971
23.06.2015;GBPRUB_TOM;85,85;84,74;85,995;84,74;21;55275200;85,8311
24.06.2015;GBPRUB_TOM;85,515;85,37;85,735;85,5;16;15907560;85,5245
25.06.2015;GBPRUB_TOM;85,78;85,63;86,03;85,955;15;32785995;85,8272
26.06.2015;GBPRUB_TOM;86,1;86,1;86,86;86,525;17;70378626;86,4602
29.06.2015;GBPRUB_TOM;87,2;86,91;87,37;87,37;10;7236587;87,1878
30.06.2015;GBPRUB_TOM;87,83;86,8;87,91;86,88;20;23045042;87,6237
01.07.2015;GBPRUB_TOM;87,055;86,64;87,24;86,81;18;23000550;86,7945
02.07.2015;GBPRUB_TOM;86,605;86,5;87,03;86,715;24;10151715;86,7668
03.07.2015;GBPRUB_TOM;86,85;86,85;87,205;87,1;14;24627269;87,0222
06.07.2015;GBPRUB_TOM;87,835;87,67;88,395;88,395;24;194350435;88,2208
07.07.2015;GBPRUB_TOM;89,15;87,5;89,15;87,69;32;38462577;88,8281
08.07.2015;GBPRUB_TOM;88,155;87,605;88,34;88,3;43;68618591;87,8599
09.07.2015;GBPRUB_TOM;87,59;87,15;88,1;87,72;42;63330630;87,7156
10.07.2015;GBPRUB_TOM;88,52;87,22;88,52;87,22;22;30289694;87,7962
13.07.2015;GBPRUB_TOM;88,185;87,62;88,46;87,62;19;75880046;88,1301
14.07.2015;GBPRUB_TOM;88,18;88,095;88,845;88,18;19;76894825;88,3849
15.07.2015;GBPRUB_TOM;88,7;88,54;89;89;11;21389040;88,7512
16.07.2015;GBPRUB_TOM;89,07;88,295;89,07;88,51;20;46479157;88,8703
17.07.2015;GBPRUB_TOM;89,07;88,7;89,19;89,19;8;20170665;88,8576
20.07.2015;GBPRUB_TOM;88,875;88,52;88,875;88,62;16;8601590;88,6762
21.07.2015;GBPRUB_TOM;88,73;88,395;88,9;88,6;13;29247025;88,6273
22.07.2015;GBPRUB_TOM;88,965;88,965;89,3;89,3;11;37174790;89,1482
23.07.2015;GBPRUB_TOM;89,715;89,405;89,965;89,965;25;202420629;89,8051
24.07.2015;GBPRUB_TOM;90,005;89,891;90,95;90,87;23;26878671;90,1969
27.07.2015;GBPRUB_TOM;91,32;91,32;92,6;92,58;14;15144100;92,3421
28.07.2015;GBPRUB_TOM;93,89;93,56;94,52;94,111;25;56043825;93,8758
29.07.2015;GBPRUB_TOM;92,94;91,7;93,6;91,76;27;69665987;93,386
30.07.2015;GBPRUB_TOM;92,11;92,11;93,33;92,98;11;7820580;93,1021
31.07.2015;GBPRUB_TOM;93,85;93,85;95,63;95,465;15;20321163;94,517
03.08.2015;GBPRUB_TOM;97,5;97,39;98,98;98,98;26;46580703;97,8586
04.08.2015;GBPRUB_TOM;98,055;97,6;98,5;98,335;15;18565675;98,2311
05.08.2015;GBPRUB_TOM;97,5;97,5;98,545;98,495;22;23163854;98,1519
06.08.2015;GBPRUB_TOM;99,165;99,165;100,35;99,35;24;112769365;99,2688
07.08.2015;GBPRUB_TOM;98,96;98,65;100,09;98,65;34;21692319;99,5061
10.08.2015;GBPRUB_TOM;100,03;98,225;100,03;98,225;17;238294090;99,8718
11.08.2015;GBPRUB_TOM;98,425;98,425;100,334;100,334;20;33479497;98,7596
12.08.2015;GBPRUB_TOM;101,185;100,295;101,45;100,295;18;29465475;100,9092
13.08.2015;GBPRUB_TOM;99,915;99,81;101,235;101,05;20;58107822;100,3589
14.08.2015;GBPRUB_TOM;101,485;100,8;101,495;100,8;13;254897021;101,1095
17.08.2015;GBPRUB_TOM;102,6;101,735;102,82;102;22;436260264;102,3364
18.08.2015;GBPRUB_TOM;102,53;102,53;103,41;102,81;22;120364480;102,9636
19.08.2015;GBPRUB_TOM;102,96;102,825;104,075;104;15;37898345;103,2652
20.08.2015;GBPRUB_TOM;104,9;104,88;105,975;105,975;23;239503831;105,0455
21.08.2015;GBPRUB_TOM;106,86;106,85;107,835;107,835;28;84718749;106,9681
24.08.2015;GBPRUB_TOM;110,3;110,1;112,165;111,505;62;119537188;111,4046
25.08.2015;GBPRUB_TOM;110,75;107,8;110,75;108,42;28;74632518;110,0775
26.08.2015;GBPRUB_TOM;109,16;106,625;109,381;106,625;45;44446584;108,9377
27.08.2015;GBPRUB_TOM;105,035;102,3;105,035;102,58;38;66079799;104,0627
28.08.2015;GBPRUB_TOM;101,325;100,08;103,675;100,08;49;70991656;102,7376
31.08.2015;GBPRUB_TOM;102,295;98,366;103,76;98,366;37;54626351;102,8745
01.09.2015;GBPRUB_TOM;100,03;99,535;101,899;101,59;59;102693417;100,6798
02.09.2015;GBPRUB_TOM;102,195;101,525;103,91;102,675;38;183420099;102,9871
03.09.2015;GBPRUB_TOM;102,66;101;103,175;101,79;21;43754532;102,2302
04.09.2015;GBPRUB_TOM;102,965;102,72;103,57;103,57;23;27085891;102,9882
07.09.2015;GBPRUB_TOM;103,705;103,705;105,675;105,39;24;68469791;104,534
08.09.2015;GBPRUB_TOM;105,285;104,49;105,95;104,62;35;65518657;105,5051
09.09.2015;GBPRUB_TOM;104,13;103,61;105,13;105,12;22;21589070;104,295
10.09.2015;GBPRUB_TOM;105,57;104,65;105,57;104,65;21;36964130;105,0117
11.09.2015;GBPRUB_TOM;105,22;104,35;105,275;104,625;18;16488660;105,0233
14.09.2015;GBPRUB_TOM;104,99;103,525;105,285;103,855;29;84086140;104,4548
15.09.2015;GBPRUB_TOM;104,135;102,5;104,135;102,81;29;40471055;102,9798
16.09.2015;GBPRUB_TOM;101,345;101;101,805;101,29;39;78397590;101,4199
17.09.2015;GBPRUB_TOM;100,93;100,93;102,32;101,7;34;97027720;101,8129
18.09.2015;GBPRUB_TOM;102,32;102,215;103,57;102,83;35;56662195;102,8352
21.09.2015;GBPRUB_TOM;103,949;102,05;103,949;102,41;33;68016335;102,8991
22.09.2015;GBPRUB_TOM;102,54;101,6;102,78;101,6;18;20804888;102,4871
23.09.2015;GBPRUB_TOM;101,25;99,965;101,39;100,3;41;71640516;100,9021
24.09.2015;GBPRUB_TOM;101,275;101;101,95;101;44;108498945;101,4957
25.09.2015;GBPRUB_TOM;100,28;99,35;100,33;99,5;48;79363805;99,9544
28.09.2015;GBPRUB_TOM;99,645;99,365;100,12;100,12;35;277720145;99,7916
29.09.2015;GBPRUB_TOM;100,61;99,3;100,635;99,38;28;44829135;100,065
30.09.2015;GBPRUB_TOM;99,335;98,865;99,675;98,95;39;104419114;99,4468
01.10.2015;GBPRUB_TOM;98,45;98,027;99,46;99,46;42;104803225;98,871
02.10.2015;GBPRUB_TOM;99,62;99,62;101,36;100,3;24;41081470;100,6899
05.10.2015;GBPRUB_TOM;99,93;98,02;100,14;98,2;36;51576905;99,1864
06.10.2015;GBPRUB_TOM;98,74;96,63;98,9;96,63;35;93849133;98,4776
07.10.2015;GBPRUB_TOM;96,275;94,765;96,29;95,99;58;147174727;95,3204
08.10.2015;GBPRUB_TOM;95,565;94,241;96,1;94,241;34;37525154;95,4839
09.10.2015;GBPRUB_TOM;94,15;93,46;94,6;94,52;34;104080848;94,1908
12.10.2015;GBPRUB_TOM;94,11;93,635;95,41;95,2;30;46464245;94,0572
13.10.2015;GBPRUB_TOM;95,665;95;96,35;96,09;40;52904540;95,4956
14.10.2015;GBPRUB_TOM;96,525;96;97,399;97,399;19;13638704;96,7284
15.10.2015;GBPRUB_TOM;96,39;95,31;96,62;95,31;25;58687359;96,3668
16.10.2015;GBPRUB_TOM;95,31;94,5;95,64;94,5;31;55509370;95,0503
19.10.2015;GBPRUB_TOM;94,6;94,6;96,39;96,045;35;57798585;95,5349
20.10.2015;GBPRUB_TOM;96,35;95,5;96,59;95,845;30;30789495;96,2172
21.10.2015;GBPRUB_TOM;96,67;96,67;97,445;97,28;30;188776520;96,9079
22.10.2015;GBPRUB_TOM;96,95;96,26;97,11;96,43;29;100391812;96,5306
23.10.2015;GBPRUB_TOM;95;95;95,69;95,56;25;132116360;95,4598
26.10.2015;GBPRUB_TOM;96,06;95,44;96,68;96,68;23;36314610;95,8169
27.10.2015;GBPRUB_TOM;97,53;97,45;99,37;99,15;27;31282040;98,6815
28.10.2015;GBPRUB_TOM;99,35;97,47;100,31;97,66;30;135036727;99,0005
29.10.2015;GBPRUB_TOM;97,62;97,62;98,4;98,33;20;61837630;97,9994
30.10.2015;GBPRUB_TOM;98,51;98,1;98,76;98,1;15;31541430;98,567
02.11.2015;GBPRUB_TOM;98,42;98,41;99,57;98,502;19;137283015;99,0498
03.11.2015;GBPRUB_TOM;98,6;96,49;98,75;96,74;21;43603560;98,2062
05.11.2015;GBPRUB_TOM;97,43;96,001;97,75;96,001;27;50349653;97,3881
06.11.2015;GBPRUB_TOM;96,58;96,41;97,7;97,7;15;20995660;96,7542
09.11.2015;GBPRUB_TOM;97,6;97;97,63;97,36;19;100040494;97,5054
10.11.2015;GBPRUB_TOM;97,48;96,88;97,75;97,75;18;63107875;97,3887
11.11.2015;GBPRUB_TOM;97,95;97,52;98,73;98,73;17;39285760;97,9695
12.11.2015;GBPRUB_TOM;99,51;99,31;100,78;100,7;18;34749929;99,8561
13.11.2015;GBPRUB_TOM;101,31;101,25;101,71;101,71;18;15824150;101,4369
16.11.2015;GBPRUB_TOM;101,14;100,1;101,25;101,1;21;78694040;100,6318
17.11.2015;GBPRUB_TOM;99,24;99,24;100;99,47;18;67925780;99,5979
18.11.2015;GBPRUB_TOM;98,57;98,36;99,03;98,71;21;60771790;98,4956
19.11.2015;GBPRUB_TOM;98,97;98,6;99,43;98,7;27;47945500;98,8567
20.11.2015;GBPRUB_TOM;99,25;97,95;99,27;97,95;27;69376911;99,1099
23.11.2015;GBPRUB_TOM;99,16;98,6;100,41;99,3;23;169176120;99,4569
24.11.2015;GBPRUB_TOM;99,29;98,48;100,22;98,48;27;83380120;99,3804
25.11.2015;GBPRUB_TOM;98,74;98,73;99,51;99,13;26;49108330;99,0087
26.11.2015;GBPRUB_TOM;99,34;98,775;99,63;99,35;21;119515020;99,1826
27.11.2015;GBPRUB_TOM;100;99,44;100,05;99,99;22;55937081;99,7096
30.11.2015;GBPRUB_TOM;100,25;99;100,27;99,75;23;282847490;99,2796
01.12.2015;GBPRUB_TOM;100,1;99,95;100,685;100,365;23;781452629;100,1991
02.12.2015;GBPRUB_TOM;100,73;100;100,985;100,665;21;79412668;100,5224
03.12.2015;GBPRUB_TOM;101,325;101;102,475;102,475;21;257495194;101,1372
04.12.2015;GBPRUB_TOM;102,35;101,817;103,18;103,18;24;77630597;102,1455
07.12.2015;GBPRUB_TOM;103,552;103,255;104,425;104,424;20;56295622;103,8665
08.12.2015;GBPRUB_TOM;104,448;103,575;104,65;104,125;27;104925428;104,2996
09.12.2015;GBPRUB_TOM;104,013;104;105;105;26;60327522;104,3729
10.12.2015;GBPRUB_TOM;105,1;104;105,235;104,65;30;241789065;104,3544
11.12.2015;GBPRUB_TOM;104,76;104,71;106,5;106,5;20;54235189;105,5159
14.12.2015;GBPRUB_TOM;106,882;106,46;107,475;106,73;27;80564178;106,9909
15.12.2015;GBPRUB_TOM;107,217;105,104;107,47;105,104;26;76708578;106,9855
16.12.2015;GBPRUB_TOM;105,877;104,999;106,005;105,67;29;79646984;105,4927
17.12.2015;GBPRUB_TOM;105,585;105;106,318;105,775;33;58337161;105,4922
18.12.2015;GBPRUB_TOM;106,493;105,3;106,685;105,885;29;56962991;106,2742
21.12.2015;GBPRUB_TOM;106,352;105,9;106,355;106,045;20;47253078;106,1867
22.12.2015;GBPRUB_TOM;105,995;105,5;105,995;105,5;22;53898236;105,8904
23.12.2015;GBPRUB_TOM;105,635;103,78;105,635;103,905;38;108312799;105,2603
24.12.2015;GBPRUB_TOM;103,365;103,365;105,555;104,777;28;44090507;104,2329
25.12.2015;GBPRUB_TOM;105,1;104,975;109,4;109,4;11;74397400;105,2297
28.12.2015;GBPRUB_TOM;105,8;105,25;108,025;107,42;42;65390508;106,326
29.12.2015;GBPRUB_TOM;107,945;106,8;108,43;106,905;46;170272116;107,9037
30.12.2015;GBPRUB_TOM;108,2;107;108,2;108;18;24689500;107,8144
04.01.2016;GBPRUB_TOM;103,756;100,1;108,6;108,6;9;1917509;106,5283
05.01.2016;GBPRUB_TOM;107,5;107,5;107,5;107,5;1;107500;107,5
06.01.2016;GBPRUB_TOM;108,1;108,1;108,15;108,15;2;216250;108,125
11.01.2016;GBPRUB_TOM;108,565;108,565;110,905;110,9;57;86326781;110,1107
12.01.2016;GBPRUB_TOM;111,648;109,86;111,649;111,105;28;113617137;110,3079
13.01.2016;GBPRUB_TOM;110,622;109,306;110,622;110,49;32;72436330;110,4212
14.01.2016;GBPRUB_TOM;110,39;109,725;110,6;109,97;30;41326735;110,2046
15.01.2016;GBPRUB_TOM;110,182;110,08;111,45;110,75;54;232227819;111,0606
18.01.2016;GBPRUB_TOM;112,535;112,15;113,315;113,035;26;51342642;112,5935
19.01.2016;GBPRUB_TOM;112,378;111;112,42;111,5;77;64345431;111,9051
20.01.2016;GBPRUB_TOM;112,19;112,19;116,875;115,45;87;140067619;114,2477
21.01.2016;GBPRUB_TOM;117,46;116,575;120,5;117,715;37;68495828;118,7103
22.01.2016;GBPRUB_TOM;113,91;111,8;115,55;111,8;43;89378573;114,0033
25.01.2016;GBPRUB_TOM;110,39;110,39;114,15;114,15;29;53496120;112,861
26.01.2016;GBPRUB_TOM;116,39;111,775;116,555;112,64;79;63487648;114,5986
27.01.2016;GBPRUB_TOM;113,89;109,775;113,89;110,3;28;53156405;112,1443
28.01.2016;GBPRUB_TOM;110,74;108,5;110,74;110,28;30;103113345;110,1638
29.01.2016;GBPRUB_TOM;107,78;107;109,14;107,58;53;97216811;108,3799
01.02.2016;GBPRUB_TOM;108,92;108,16;111,4;111,4;45;69066370;109,1096
02.02.2016;GBPRUB_TOM;112,36;112,08;114,6;114;20;35510410;113,4518
03.02.2016;GBPRUB_TOM;114,3;112;115,48;112;19;31059563;113,3561
04.02.2016;GBPRUB_TOM;110,92;110,68;112,72;111,7;23;49630460;111,7803
05.02.2016;GBPRUB_TOM;112,38;111,4;112,38;112;15;39203740;111,6916
08.02.2016;GBPRUB_TOM;111,64;111;113,775;113,775;36;78509540;111,5192
09.02.2016;GBPRUB_TOM;113,5;112,7;115,5;115,15;34;73895342;113,5105
10.02.2016;GBPRUB_TOM;114,55;112,775;114,72;114,25;16;58423586;113,6646
11.02.2016;GBPRUB_TOM;114,56;114,5;116,32;116,22;36;163445357;115,0214
12.02.2016;GBPRUB_TOM;115,38;113,5;115,8;113,5;28;55763560;115,214
15.02.2016;GBPRUB_TOM;112,92;111,6;112,98;112,11;23;27728320;112,2604
16.02.2016;GBPRUB_TOM;110,12;109,7;112;111,26;45;331485101;111,0131
17.02.2016;GBPRUB_TOM;111,58;107;111,58;107,5;48;112235590;109,9271
18.02.2016;GBPRUB_TOM;107,76;107,34;109,12;109,12;28;65822290;107,7288
19.02.2016;GBPRUB_TOM;109,48;109,1;111,16;111,16;20;56505820;109,72
20.02.2016;GBPRUB_TOM;114,8;110,5;114,8;110,5;9;4843450;112,6384
22.02.2016;GBPRUB_TOM;108,68;106,3;108,685;106,86;26;10922590;107,0842
24.02.2016;GBPRUB_TOM;107,32;105,775;108,16;105,775;69;374467180;107,3587
25.02.2016;GBPRUB_TOM;106,24;105,4;106,6;105,4;46;153759582;106,1143
26.02.2016;GBPRUB_TOM;105,66;104,12;105,7;105,2;42;141185260;104,8146
29.02.2016;GBPRUB_TOM;104,9;104,48;105,74;105,437;41;56096587;105,2469
01.03.2016;GBPRUB_TOM;103,3;102,3;103,7;102,3;55;84749956;103,2277
02.03.2016;GBPRUB_TOM;102,44;102,38;104,3;103,4;48;152390437;103,2456
03.03.2016;GBPRUB_TOM;104,999;103,36;104,999;103,47;31;25875154;103,9163
04.03.2016;GBPRUB_TOM;104,494;102,4;104,494;102,4;34;31645052;103,0783
07.03.2016;GBPRUB_TOM;102,38;101,58;102,38;101,776;10;1527891;101,8594
09.03.2016;GBPRUB_TOM;102,55;100,96;103,15;101,1;28;45682986;102,4282
10.03.2016;GBPRUB_TOM;101;99,18;102,56;102;54;116514427;100,1844
11.03.2016;GBPRUB_TOM;100,68;99,5;100,68;100,67;40;82122880;100,0279
14.03.2016;GBPRUB_TOM;100,7;99,932;101,5;100,039;32;34662817;101,0578
15.03.2016;GBPRUB_TOM;100,38;100,2;101,04;100,98;38;154231340;100,5419
16.03.2016;GBPRUB_TOM;100,26;98,7;100,45;98,7;41;80603151;99,88
17.03.2016;GBPRUB_TOM;97,86;97,42;99,02;98,7;28;47085980;98,0958
18.03.2016;GBPRUB_TOM;98,96;97,72;99,36;99,06;35;61729472;98,1391
21.03.2016;GBPRUB_TOM;99,7;97,2;99,7;97,54;30;23515453;98,391
22.03.2016;GBPRUB_TOM;97,1;95,75;97,44;95,75;33;139270369;97,0525
23.03.2016;GBPRUB_TOM;95,74;95,7;96,5;96,5;30;145865320;96,0272
24.03.2016;GBPRUB_TOM;97,11;97;98,52;97,32;23;16123140;97,716
25.03.2016;GBPRUB_TOM;96,8;96;96,92;96,26;35;29062740;96,554
28.03.2016;GBPRUB_TOM;96,03;96,03;97,656;97,56;23;12730811;96,4455
29.03.2016;GBPRUB_TOM;97,7;97,7;98,66;97,9;42;357006520;97,9173
30.03.2016;GBPRUB_TOM;97,85;96,9;98,2;98,2;34;25939800;97,518
31.03.2016;GBPRUB_TOM;97,52;96;98,49;98,49;31;29603235;97,0598
01.04.2016;GBPRUB_TOM;98,985;95,7;98,985;96,12;63;33199568;97,0748
04.04.2016;GBPRUB_TOM;97,2;97;97,86;97,86;26;72621916;97,3484
05.04.2016;GBPRUB_TOM;98,08;97,1;98,3;97,1;39;44144100;97,8805
06.04.2016;GBPRUB_TOM;96,9;95,5;96,96;95,5;50;100902695;96,4653
07.04.2016;GBPRUB_TOM;95,62;95,3;96,3;95,7;24;85926160;95,5797
08.04.2016;GBPRUB_TOM;95,1;94,5;95,14;94,98;34;65967810;94,7813
11.04.2016;GBPRUB_TOM;94,8;94,78;95,32;95;26;50239140;95,1499
12.04.2016;GBPRUB_TOM;94,66;93,02;94,98;93,68;26;32295280;94,4306
13.04.2016;GBPRUB_TOM;94,02;92,92;94,25;94,25;40;58637140;93,6696
14.04.2016;GBPRUB_TOM;94;93,3;94,04;93,6;30;56926520;93,6291
15.04.2016;GBPRUB_TOM;93,52;93,46;94,52;94,2;28;18706550;94,0028
18.04.2016;GBPRUB_TOM;96,92;94,54;97,08;94,54;40;35325010;95,7317
19.04.2016;GBPRUB_TOM;94,2;93,72;95,36;95,36;38;104196360;94,04
20.04.2016;GBPRUB_TOM;95,5;93,96;95,5;93,96;37;196829094;95,0406
21.04.2016;GBPRUB_TOM;93,2;93,2;95,8;95,8;30;110543390;93,8399
22.04.2016;GBPRUB_TOM;95,04;94,52;96,04;95,9;33;157039770;95,0029
25.04.2016;GBPRUB_TOM;96,16;95,45;96,68;96,56;34;114268620;96,1048
26.04.2016;GBPRUB_TOM;96,65;95,5;96,9;95,5;32;108076910;96,0684
27.04.2016;GBPRUB_TOM;95,2;94,98;96;95,25;27;155951660;95,2086
28.04.2016;GBPRUB_TOM;95,12;93,9;95,2;94,58;50;77132905;94,5256
29.04.2016;GBPRUB_TOM;94,32;93,58;94,82;94,72;45;41089180;94,0256
04.05.2016;GBPRUB_TOM;96,6;95,52;96,6;96,16;27;55183980;95,9721
05.05.2016;GBPRUB_TOM;95,72;94,9;95,72;95,4;26;75298400;95,3144
06.05.2016;GBPRUB_TOM;95,9;94,9;96,24;94,9;25;62718840;95,9004
10.05.2016;GBPRUB_TOM;95,66;95,48;96,16;95,8;28;121153920;95,8496
11.05.2016;GBPRUB_TOM;95,8;94;95,8;94,09;29;31023930;95,1654
12.05.2016;GBPRUB_TOM;93,7;93,5;94,66;93,72;28;45956860;93,7895
13.05.2016;GBPRUB_TOM;93,9;93,3;94,35;93,5;28;58312690;93,9013
16.05.2016;GBPRUB_TOM;93,18;92,98;93,66;93,4;48;30144529;93,3267
17.05.2016;GBPRUB_TOM;93,7;93,5;94,1;93,56;30;59654550;93,7965
18.05.2016;GBPRUB_TOM;93,72;93,72;96;96;23;19470010;94,5146
19.05.2016;GBPRUB_TOM;96,7;96,52;98,24;97,455;43;16728029;97,256
20.05.2016;GBPRUB_TOM;96,7;96,7;97,46;97;24;59766434;96,8662
23.05.2016;GBPRUB_TOM;97,38;96,78;97,56;96,78;13;25197620;97,2881
24.05.2016;GBPRUB_TOM;97,08;96,8;97,72;96,94;29;81039990;97,4038
25.05.2016;GBPRUB_TOM;96,36;96,34;96,94;96,94;20;58342880;96,4345
26.05.2016;GBPRUB_TOM;95,84;95,7;96,74;96,18;38;89917331;96,0655
27.05.2016;GBPRUB_TOM;96,8;96,58;96,94;96,58;23;44806720;96,7748
30.05.2016;GBPRUB_TOM;96,6;96,12;96,7;96,12;21;209436195;96,5589
31.05.2016;GBPRUB_TOM;99,9375;95,88;99,9375;96,7;50;17970545;96,6158
01.06.2016;GBPRUB_TOM;96,41;96,2;96,88;96,5;36;26662210;96,6022
02.06.2016;GBPRUB_TOM;96,34;96,28;97,68;96,5;28;53339170;96,6289
03.06.2016;GBPRUB_TOM;96,51;95,34;96,92;95,52;38;46001290;96,4388
06.06.2016;GBPRUB_TOM;94,55;94,06;95,06;94,58;35;46829510;94,6051
07.06.2016;GBPRUB_TOM;94,98;93,98;95,1;93,98;37;47836490;94,7257
08.06.2016;GBPRUB_TOM;93,96;92,54;94,28;92,7;45;54932432,5;93,5817
09.06.2016;GBPRUB_TOM;92,1;92;93,12;93,03;36;94655470;92,7995
10.06.2016;GBPRUB_TOM;93,38;92,6;93,74;92,6;46;111794120;93,3173
14.06.2016;GBPRUB_TOM;93,4;93,2;93,68;93,2;33;111359100;93,4221
15.06.2016;GBPRUB_TOM;93,64;92,4;93,64;93,2;46;55654420;93,2235
16.06.2016;GBPRUB_TOM;93,28;92,5;93,38;93,36;37;65777800;93,0379
17.06.2016;GBPRUB_TOM;93,1;92,64;93,6;92,96;54;84989130;93,1898
20.06.2016;GBPRUB_TOM;93,72;93,46;95,5;94,32;52;107506660;93,7286
21.06.2016;GBPRUB_TOM;94,7;93,92;94,9;94,02;25;35267500;94,5509
22.06.2016;GBPRUB_TOM;93,36;93,36;95,28;95,28;45;119120850;94,2412
23.06.2016;GBPRUB_TOM;95,29;94,58;95,65;95,14;78;333468072,5;95,3311
24.06.2016;GBPRUB_TOM;89,66;88,105;91,98;89,22;504;1055302898;89,9431
27.06.2016;GBPRUB_TOM;87,61;85,75;87,65;86,49;215;180962940;86,461
28.06.2016;GBPRUB_TOM;86,33;85,5;86,73;85,5;91;88009695;86,284
29.06.2016;GBPRUB_TOM;85,53;85,53;86,55;86,06;121;153037480;86,1698
30.06.2016;GBPRUB_TOM;86,32;84,4;86,69;85,2;123;134632492,5;85,8078
01.07.2016;GBPRUB_TOM;85,1;84,7025;85,48;84,7025;54;182877037,5;85,2176
04.07.2016;GBPRUB_TOM;84,72;84,53;85,17;84,95;45;69503230;84,76
05.07.2016;GBPRUB_TOM;84,88;83,8;84,88;83,8;131;291975465;84,0701
06.07.2016;GBPRUB_TOM;83,59;83,005;84,16;83,05;107;338314650;83,7827
07.07.2016;GBPRUB_TOM;83,2;82,63;83,54;83,35;58;53946812,5;83,2513
08.07.2016;GBPRUB_TOM;83,07;82,78;83,3;83,2;51;177529480;82,9965
11.07.2016;GBPRUB_TOM;83,11;82,67;83,51;83,49;43;53497112,5;83,0701
12.07.2016;GBPRUB_TOM;83,76;83,66;84,8;84,59;167;530548472,5;84,2274
13.07.2016;GBPRUB_TOM;84,99;83,92;85,03;83,97;71;127434932,5;84,562
14.07.2016;GBPRUB_TOM;84,34;83,63;85;83,88;73;77840745;84,2432
15.07.2016;GBPRUB_TOM;84,58;83,5;84,88;83,75;48;42638325;84,4323
18.07.2016;GBPRUB_TOM;83,64;83,33;83,86;83,48;39;487031010;83,4386
19.07.2016;GBPRUB_TOM;83,31;82,7;83,37;83,22;51;213125427,5;83,1222
20.07.2016;GBPRUB_TOM;83;83;84,25;84,24;96;444555480;83,5788
21.07.2016;GBPRUB_TOM;84,55;84,01;84,9975;84,9975;27;127790435;84,2389
22.07.2016;GBPRUB_TOM;85,23;84,39;85,85;84,9;52;217669210;85,027
25.07.2016;GBPRUB_TOM;85,19;85,07;86,09;85,8;82;704726155;85,3283
26.07.2016;GBPRUB_TOM;85,56;85,56;87,43;86,67;58;54836395;86,6294
27.07.2016;GBPRUB_TOM;86,72;86,35;88,95;87,27;43;45691380;86,5367
28.07.2016;GBPRUB_TOM;87,14;87;87,69;87;44;26930290;87,436
29.07.2016;GBPRUB_TOM;88,67;87,36;88,72;87,36;35;35998270;88,2311
01.08.2016;GBPRUB_TOM;87,5;87,14;88,25;88,22;30;28375180;87,5777
02.08.2016;GBPRUB_TOM;88,29;87,74;89,1;88,9725;39;37149942,5;88,2421
03.08.2016;GBPRUB_TOM;88,88;88,06;89,17;88,06;38;64405247,5;88,8348
04.08.2016;GBPRUB_TOM;88,5;86,03;88,71;86,33;94;63953302,5;87,7274
05.08.2016;GBPRUB_TOM;86,22;85;86,28;85,67;41;169804345;85,4147
08.08.2016;GBPRUB_TOM;85,07;84,1625;85,07;84,1625;38;71184082,5;84,743
09.08.2016;GBPRUB_TOM;84,07;83,8;84,33;84,06;53;283861720;83,9828
10.08.2016;GBPRUB_TOM;84,48;83,83;84,69;84,45;54;122231002,5;84,1811
11.08.2016;GBPRUB_TOM;84,2;83,14;84,25;83,43;57;79198920;83,8084
12.08.2016;GBPRUB_TOM;83,13;83,13;84,15;83,82;33;35380900;83,841
15.08.2016;GBPRUB_TOM;84,2975;82,37;84,2975;82,4;61;90897595;82,7847
16.08.2016;GBPRUB_TOM;82,57;82,57;83,26;83,085;37;27202625;82,9348
17.08.2016;GBPRUB_TOM;83,27;83,24;83,69;83,6;29;16101600;83,428
18.08.2016;GBPRUB_TOM;83,03;83,03;84,41;83,77;38;199108362,5;83,9765
19.08.2016;GBPRUB_TOM;83,91;83,2;84,17;83,51;34;64636750;83,835
22.08.2016;GBPRUB_TOM;83,9;83,82;85,16;85,16;34;23925677,5;84,543
23.08.2016;GBPRUB_TOM;85,38;85;85,64;85,13;33;64739420;85,2957
24.08.2016;GBPRUB_TOM;85,4925;85,42;86,3;86,24;53;372145320;85,6491
25.08.2016;GBPRUB_TOM;85,98;85,2;86,01;85,2;44;250288280;85,3644
26.08.2016;GBPRUB_TOM;85,57;84,8;85,72;85,11;30;55818437,5;85,48
29.08.2016;GBPRUB_TOM;85,16;84,9;85,33;84,9;41;89453705;85,194
30.08.2016;GBPRUB_TOM;84,97;84,8;85,63;85,45;32;86730530;85,0299
31.08.2016;GBPRUB_TOM;85,55;85,42;85,92;85,92;25;59054480;85,5862
01.09.2016;GBPRUB_TOM;85,79;85,62;87,6;87,4;53;69144647,5;87,1938
02.09.2016;GBPRUB_TOM;87,5;86,45;87,52;86,59;45;82987840;86,8983
05.09.2016;GBPRUB_TOM;86,28;86,08;86,73;86,73;34;279041260;86,4708
06.09.2016;GBPRUB_TOM;86,53;86,3;86,84;86,73;39;43298355;86,5967
07.09.2016;GBPRUB_TOM;86,43;85,64;86,43;85,64;42;162695710;86,0824
08.09.2016;GBPRUB_TOM;85,4225;84,83;85,55;85,03;50;231335622,5;85,2065
09.09.2016;GBPRUB_TOM;85,26;85,26;85,87;85,87;22;182046110;85,5882
12.09.2016;GBPRUB_TOM;86,2;86;86,6;86;108;954126080;86,2136
13.09.2016;GBPRUB_TOM;86,33;85,72;86,37;86,25;28;46684070;86,133
14.09.2016;GBPRUB_TOM;86;85,5;86,41;86,41;40;51698540;85,878
15.09.2016;GBPRUB_TOM;86,19;85,6;86,46;85,7;30;38515990;85,9732
16.09.2016;GBPRUB_TOM;85,8175;84,7;85,8875;84,75;49;47883132,5;85,05
19.09.2016;GBPRUB_TOM;84,85;84,245;84,88;84,3175;40;46438845;84,5881
20.09.2016;GBPRUB_TOM;84,55;83,85;84,55;84,07;58;35974452,5;84,2493
21.09.2016;GBPRUB_TOM;83,6;83,2;83,85;83,37;44;58955747,5;83,6252
22.09.2016;GBPRUB_TOM;83,31;83,15;83,69;83,17;45;71343162,5;83,3448
23.09.2016;GBPRUB_TOM;83,22;82,18;83,28;82,87;66;50073202,5;82,7656
26.09.2016;GBPRUB_TOM;82,97;82,55;83,13;82,83;37;75033680;82,7273
27.09.2016;GBPRUB_TOM;82,88;82,53;83,32;83,32;43;128711777,5;82,8261
28.09.2016;GBPRUB_TOM;83,36;82,1475;83,39;82,1475;40;180397885;83,2094
29.09.2016;GBPRUB_TOM;82,27;81,7;82,4;82;51;202032302,5;81,9604
30.09.2016;GBPRUB_TOM;82,22;81,4;82,3;81,4;37;224481755;82,0174
03.10.2016;GBPRUB_TOM;81,05;79,87;81,9;80,01;96;91868207,5;80,2342
04.10.2016;GBPRUB_TOM;79,8;79,6;80,13;80,13;59;65863055;79,7374
05.10.2016;GBPRUB_TOM;79,55;79,3;79,68;79,62;49;52724065;79,5235
06.10.2016;GBPRUB_TOM;79,43;78,25;79,51;78,25;79;45780140;78,9313
07.10.2016;GBPRUB_TOM;77,5;76,56;77,81;77,45;128;147940740;77,3344
10.10.2016;GBPRUB_TOM;77,14;76,57;77,585;76,66;72;123114245;77,0427
11.10.2016;GBPRUB_TOM;76,47;75,91;76,83;75,97;105;358456652,5;76,4789
12.10.2016;GBPRUB_TOM;76,55;76,25;77,02;76,9;97;151540980;76,7296
13.10.2016;GBPRUB_TOM;77;76,95;77,39;77,24;75;274611387,5;77,2248
14.10.2016;GBPRUB_TOM;76,85;76,65;77,1775;76,65;67;142858777,5;76,8885
17.10.2016;GBPRUB_TOM;77;76,29;77,555;76,91;92;223436250;76,8086
18.10.2016;GBPRUB_TOM;76,0025;76,0025;77,55;77,46;88;458093040;77,3544
19.10.2016;GBPRUB_TOM;76,87;76,33;76,97;76,37;58;136468950;76,8406
20.10.2016;GBPRUB_TOM;76,7;76,2;76,7;76,48;54;76426207,5;76,4262
21.10.2016;GBPRUB_TOM;76,43;75,9775;76,54;76,25;73;75655330;76,2655
24.10.2016;GBPRUB_TOM;76,15;75,93;76,2;76,02;37;22528905;76,1112
25.10.2016;GBPRUB_TOM;76,02;75,11;76,02;75,8;117;200348877,5;75,6605
26.10.2016;GBPRUB_TOM;75,8;75,8;77;76,97;78;311073425;76,4872
27.10.2016;GBPRUB_TOM;76,77;76,32;77,21;76,35;79;138326352,5;76,848
28.10.2016;GBPRUB_TOM;76,57;76,2;76,92;76,92;61;79946410;76,577
31.10.2016;GBPRUB_TOM;77,03;76,79;77,62;77,6025;54;74146045;77,2355
01.11.2016;GBPRUB_TOM;77,32;77;77,53;77,49;56;81504310;77,2553
02.11.2016;GBPRUB_TOM;77,7;77,5875;78,55;78,06;67;281623775;77,8396
03.11.2016;GBPRUB_TOM;78,47;78,3075;79,5;79,37;72;100592647,5;78,8962
07.11.2016;GBPRUB_TOM;79,4;78,8;79,45;78,97;72;159698260;79,2154
08.11.2016;GBPRUB_TOM;79,1;78,78;79,32;78,79;40;56651940;79,1228
09.11.2016;GBPRUB_TOM;79,79;78,32;79,86;79,43;73;202417525;79,1931
10.11.2016;GBPRUB_TOM;78,77;78,57;82,2;82,2;95;150769290;80,1538
11.11.2016;GBPRUB_TOM;82;81,8;83,43;82,89;89;317361795;82,8188
14.11.2016;GBPRUB_TOM;83,8;82,3;83,8;82,4825;73;80478665;82,7119
15.11.2016;GBPRUB_TOM;82,1;79,89;82,1;79,89;73;65504352,5;80,9695
16.11.2016;GBPRUB_TOM;80,1;80,1;81,5;80,5725;37;38573667,5;80,8672
17.11.2016;GBPRUB_TOM;80,77;80,1;80,86;80,35;37;111600540;80,5199
18.11.2016;GBPRUB_TOM;80,72;79,7;80,97;79,83;33;19491920;80,5451
21.11.2016;GBPRUB_TOM;79,49;79,21;80,08;79,87;44;48221812,5;79,5739
22.11.2016;GBPRUB_TOM;79,42;79,08;79,85;79,08;52;52565365;79,4039
23.11.2016;GBPRUB_TOM;79,37;79,37;80,49;80,2;39;24732852,5;79,7834
24.11.2016;GBPRUB_TOM;80,31;80,01;80,57;80,3;33;48727040;80,2752
25.11.2016;GBPRUB_TOM;80,4;79,93;80,94;80,92;35;52921815;80,3062
28.11.2016;GBPRUB_TOM;81,01;80,17;81,32;80,34;30;64381710;80,6788
29.11.2016;GBPRUB_TOM;80,51;80,51;81,85;81,34;43;121227730;81,1974
30.11.2016;GBPRUB_TOM;81,19;79,68;81,44;80,22;51;60434020;80,2577
01.12.2016;GBPRUB_TOM;79,94;79,71;80,91;80,25;53;324915090;80,7443
02.12.2016;GBPRUB_TOM;80,77;77;81,3;81,15;58;155914937,5;80,8268
05.12.2016;GBPRUB_TOM;81,26;80,81;81,26;80,84;31;90455892,5;80,9811
06.12.2016;GBPRUB_TOM;81,45;80,88;81,55;80,9;53;369974440;81,4384
07.12.2016;GBPRUB_TOM;80,88;79,7;80,99;79,8;60;114061622,5;80,3817
08.12.2016;GBPRUB_TOM;80,11;79,57;80,45;79,62;43;106928120;80,156
09.12.2016;GBPRUB_TOM;79,69;78,42;79,75;79,695;51;88511420;79,4537
12.12.2016;GBPRUB_TOM;78,4;76,73;78,4;77,35;110;176830617,5;77,3199
13.12.2016;GBPRUB_TOM;77,41;76,8;77,8;76,8;72;236147610;77,4001
14.12.2016;GBPRUB_TOM;77,02;76,84;78,12;78,12;40;39212877,5;77,1907
15.12.2016;GBPRUB_TOM;77,6;76,61;77,6;76,8;98;243966852,5;77,0341
16.12.2016;GBPRUB_TOM;76,79;76,48;78;77,75;79;91019847,5;77,0049
19.12.2016;GBPRUB_TOM;77,5;76,32;77,5;76,88;101;215003270;76,8418
20.12.2016;GBPRUB_TOM;76,74;75,69;76,74;76,04;103;108590885;76,1507
21.12.2016;GBPRUB_TOM;75,65;75,3;78;75,62;79;89156770;75,4926
22.12.2016;GBPRUB_TOM;75,39;74,83;75,4;74,83;99;217536495;75,1421
23.12.2016;GBPRUB_TOM;74,88;74,64;75,3;75;68;235820737,5;74,9589
26.12.2016;GBPRUB_TOM;75,5;74,57;76,5;74,75;89;200826625;74,8236
27.12.2016;GBPRUB_TOM;74,8;74,29;74,83;74,5;68;245639807,5;74,4814
28.12.2016;GBPRUB_TOM;74,63;73,44;74,64;73,635;97;177361812,5;74,1479
29.12.2016;GBPRUB_TOM;72,8;72,8;74,43;73,93;60;133111320;74,0742
30.12.2016;GBPRUB_TOM;74,35;74,35;75,82;75,4775;74;83028422,5;75,2751
03.01.2017;GBPRUB_TOM;75,78;73,3725;75,78;74,53;16;9826220;75,5863
04.01.2017;GBPRUB_TOM;75,82;74,3;75,82;74,6025;11;2563772,5;75,4051
05.01.2017;GBPRUB_TOM;75;73,96;75;74,5;12;3588540;74,7613
06.01.2017;GBPRUB_TOM;73,96;73,96;75;74;16;7275265;74,2374
09.01.2017;GBPRUB_TOM;73,15;72,45;75,2;72,93;117;174509917,5;72,8643
10.01.2017;GBPRUB_TOM;73,0925;72,6;73,18;73,18;45;56193695;72,9788
11.01.2017;GBPRUB_TOM;73,25;72,775;73,44;73,03;51;60890110;73,0974
12.01.2017;GBPRUB_TOM;73,06;72,2;73,06;72,22;84;89395440;72,7976
13.01.2017;GBPRUB_TOM;72,2;72,12;72,87;72,72;71;159187817,5;72,3581
16.01.2017;GBPRUB_TOM;71,7;71,5;72,23;72,12;103;179079815;71,7467
17.01.2017;GBPRUB_TOM;72,35;71,76;73,73;73,625;124;286311527,5;72,5207
18.01.2017;GBPRUB_TOM;73,22;72,75;73,22;72,93;44;287879952,5;72,881
19.01.2017;GBPRUB_TOM;72,9;72,66;74,13;73,68;56;176196860;73,4766
20.01.2017;GBPRUB_TOM;73,84;73,34;73,84;73,8;35;27852780;73,6846
23.01.2017;GBPRUB_TOM;74,09;73,78;74,35;74,35;44;65996695;74,0704
24.01.2017;GBPRUB_TOM;73,96;73,65;74,2;74,03;63;474818222,5;73,8902
25.01.2017;GBPRUB_TOM;73,96;73,93;75,23;75,22;85;75209285;74,3175
26.01.2017;GBPRUB_TOM;75,07;75,07;76,2;76,2;106;377015515;75,6907
27.01.2017;GBPRUB_TOM;75,59;74,8;75,71;75,1;84;530133137,5;75,2389
30.01.2017;GBPRUB_TOM;75,31;74,38;75,69;74,38;70;407233535;75,1492
31.01.2017;GBPRUB_TOM;75;74,63;75,75;75,54;87;316495865;75,195
01.02.2017;GBPRUB_TOM;75,5975;75,5975;76,27;76,05;73;116908172,5;75,9637
02.02.2017;GBPRUB_TOM;76,03;73,7;76,11;74,44;119;281870727,5;74,7866
03.02.2017;GBPRUB_TOM;74,1875;73,5;74,64;73,68;82;267698242,5;74,0726
06.02.2017;GBPRUB_TOM;73,6;73,2;73,6;73,54;57;105371115;73,3272
07.02.2017;GBPRUB_TOM;73,5;73,29;74,35;74,35;58;177620860;73,9163
08.02.2017;GBPRUB_TOM;74,37;73,94;74,6;74,2;42;167924342,5;74,2699
09.02.2017;GBPRUB_TOM;73,84;73,63;74,26;73,66;58;310660660;73,8964
10.02.2017;GBPRUB_TOM;73,66;72,8;73,66;72,8;83;355005392,5;73,3331
13.02.2017;GBPRUB_TOM;72,9;72,44;72,9;72,71;57;139924450;72,6503
14.02.2017;GBPRUB_TOM;72,53;71,21;72,53;71,27;124;136157460;71,8509
15.02.2017;GBPRUB_TOM;73,9875;70,58;73,9875;71,16;99;105125700;71,2717
16.02.2017;GBPRUB_TOM;71,16;71,11;72,04;71,92;69;164164107,5;71,6248
17.02.2017;GBPRUB_TOM;71,91;71,68;72,72;72,72;82;71816737,5;72,1776
20.02.2017;GBPRUB_TOM;72,19;72,15;72,75;72,41;44;58476140;72,3715
21.02.2017;GBPRUB_TOM;72;71,5;72,65;71,7;75;76721565;71,904
22.02.2017;GBPRUB_TOM;71,69;71,61;72,37;72,3375;55;75790285;72,044
24.02.2017;GBPRUB_TOM;72,2;69,02;72,75;72,75;56;21081895;71,4641
27.02.2017;GBPRUB_TOM;72,05;71,59;72,32;72,19;68;230348945;71,9616
28.02.2017;GBPRUB_TOM;72,11;71,96;72,68;72,36;51;74245380;72,3639
01.03.2017;GBPRUB_TOM;72,14;71,5;72,31;71,76;49;49998900;71,9409
02.03.2017;GBPRUB_TOM;71,65;71,65;72,21;72,18;55;194818130;71,8621
03.03.2017;GBPRUB_TOM;71,95;71,5;72,34;71,5;67;95447167,5;71,8729
06.03.2017;GBPRUB_TOM;71,76;71,11;71,78;71,18;61;125129925;71,3398
07.03.2017;GBPRUB_TOM;71,1;70,69;71,4;70,98;97;167199175;70,9072
09.03.2017;GBPRUB_TOM;71,5;71,41;72,44;72,37;113;420551602,5;71,926
10.03.2017;GBPRUB_TOM;72,01;68,6;72,14;71,8;87;178552285;71,7654
13.03.2017;GBPRUB_TOM;72,27;71,9;72,47;71,91;69;216026190;72,1771
14.03.2017;GBPRUB_TOM;71,6;71,4;72,42;71,9;105;243256415;71,9907
15.03.2017;GBPRUB_TOM;72,26;71,8;72,7;71,8;67;127519850;72,0451
16.03.2017;GBPRUB_TOM;71,8;71;71,84;71,4475;80;181965022,5;71,499
17.03.2017;GBPRUB_TOM;71,5525;70,88;71,74;70,925;67;273420840;71,4826
20.03.2017;GBPRUB_TOM;71,0475;70,75;71,46;70,9;63;188965802,5;71,1736
21.03.2017;GBPRUB_TOM;70,845;70,7475;72,0875;72,0575;85;256213977,5;70,9537
22.03.2017;GBPRUB_TOM;72,1375;71,775;72,47;72,08;52;88982180;72,1087
23.03.2017;GBPRUB_TOM;72,065;71,6525;72,1225;71,855;56;142929680;71,9686
24.03.2017;GBPRUB_TOM;71,695;71,1;71,7775;71,1;56;156047317,5;71,5485
27.03.2017;GBPRUB_TOM;71,63;71,3;71,9025;71,59;55;157220187,5;71,7573
28.03.2017;GBPRUB_TOM;71,675;71,07;71,845;71,07;49;67304302,5;71,6003
29.03.2017;GBPRUB_TOM;70,8525;70,2775;71;70,3;81;209224880;70,7319
30.03.2017;GBPRUB_TOM;70,3525;69,8025;70,3525;69,95;69;46951485;70,0768
31.03.2017;GBPRUB_TOM;69,6575;69,6225;70,695;70,4625;50;50813295;69,9908
03.04.2017;GBPRUB_TOM;70,195;70,04;70,585;70,04;53;134620162,5;70,3712
04.04.2017;GBPRUB_TOM;70,12;69,7725;70,45;69,7725;45;63766097,5;70,1497
05.04.2017;GBPRUB_TOM;69,67;69,4;70,4;70,4;61;134658515;69,699
06.04.2017;GBPRUB_TOM;70,49;70,1;70,685;70,175;43;41463412,5;70,3963
07.04.2017;GBPRUB_TOM;70,98;70,5;71,015;70,8325;95;188970800;70,8552
10.04.2017;GBPRUB_TOM;73,9;70,85;73,9;70,91;66;104217957,5;70,9932
11.04.2017;GBPRUB_TOM;70,8;70,475;71,355;71,165;68;120953232,5;70,8572
12.04.2017;GBPRUB_TOM;70,7675;70,7675;71,4;70,85;42;95885282,5;71,0261
13.04.2017;GBPRUB_TOM;71,0225;70,2925;71,1725;70,4175;61;331478147,5;71,0869
14.04.2017;GBPRUB_TOM;70,4;70,1575;70,56;70,55;47;49282740;70,4039
17.04.2017;GBPRUB_TOM;70,6025;70,2875;70,6425;70,4625;48;50870695;70,458
18.04.2017;GBPRUB_TOM;70,3925;70,2625;72,3175;72,1525;116;646830345;71,2525
19.04.2017;GBPRUB_TOM;72,035;71,82;72,5;72,35;81;138334960;72,1622
20.04.2017;GBPRUB_TOM;72,44;71,835;72,44;72,0725;51;117843247,5;72,1195
21.04.2017;GBPRUB_TOM;71,91;71,9025;72,34;72,29;51;35737287,5;72,051
24.04.2017;GBPRUB_TOM;71,855;71,3825;71,9075;71,3825;55;118386140;71,5324
25.04.2017;GBPRUB_TOM;71,51;71,45;72,205;72,05;43;80395275;71,6535
26.04.2017;GBPRUB_TOM;72,235;72,13;73,43;73,36;45;19098202,5;72,8939
27.04.2017;GBPRUB_TOM;73,52;73,185;73,8525;73,5075;60;101951877,5;73,5584
28.04.2017;GBPRUB_TOM;73,5;73,3;73,92;73,68;65;45023892,5;73,5685
02.05.2017;GBPRUB_TOM;73,325;73,2725;73,935;73,8;60;54483235;73,626
03.05.2017;GBPRUB_TOM;73,7525;73,705;74,0375;73,8325;48;75550885;73,9245
04.05.2017;GBPRUB_TOM;73,9725;73,92;75,515;75,4725;97;181185812,5;74,7158
05.05.2017;GBPRUB_TOM;75,99;75,25;75,99;75,25;84;294521797,5;75,6154
10.05.2017;GBPRUB_TOM;75,63;74,2925;75,63;74,3725;69;169787642,5;75,094
11.05.2017;GBPRUB_TOM;74,1025;73,3425;74,1025;73,5475;74;192302917,5;73,5947
12.05.2017;GBPRUB_TOM;73,6425;73,44;73,815;73,5075;35;55339007,5;73,5891
15.05.2017;GBPRUB_TOM;73,0975;72,6475;73,115;72,7825;71;137185447,5;72,8547
16.05.2017;GBPRUB_TOM;72,83;72,4875;73,03;73,03;55;75245867,5;72,7013
17.05.2017;GBPRUB_TOM;73,34;73,1875;74,02;74;61;175208905;73,7101
18.05.2017;GBPRUB_TOM;74,3075;74,3075;75,71;74,505;90;236020502,5;75,1658
19.05.2017;GBPRUB_TOM;74,3075;73,9075;74,3325;73,9875;57;115920965;74,2132
22.05.2017;GBPRUB_TOM;73,3075;73,2975;74;73,64;50;82401565;73,5728
23.05.2017;GBPRUB_TOM;73,41;73,05;73,68;73,0675;66;124053107,5;73,4477
24.05.2017;GBPRUB_TOM;72,9825;69,55;76,05;73,0975;121;364212015;72,5811
25.05.2017;GBPRUB_TOM;72,9075;72,75;73,7925;73,745;60;63383492,5;73,1911
26.05.2017;GBPRUB_TOM;73,04;72,33;73,4075;72,41;83;240423332,5;73,0548
29.05.2017;GBPRUB_TOM;72,78;72,305;72,8875;72,4975;60;59063115;72,6484
30.05.2017;GBPRUB_TOM;72,5875;72,35;73,0675;72,35;59;286013747,5;72,9255
31.05.2017;GBPRUB_TOM;72,6775;72,3825;73,435;73,3825;48;73969485;73,0202
01.06.2017;GBPRUB_TOM;72,7;72,4;72,9575;72,63;45;45585792,5;72,7046
02.06.2017;GBPRUB_TOM;72,9125;72,6625;73,15;72,9125;46;36088310;72,9057
05.06.2017;GBPRUB_TOM;72,875;72,8;73,36;73,215;50;353619125;73,2131
06.06.2017;GBPRUB_TOM;73,2;72,77;73,35;72,77;50;23413567,5;73,1674
07.06.2017;GBPRUB_TOM;72,93;72,93;73,9975;73,97;55;62766265;73,3251
08.06.2017;GBPRUB_TOM;73,96;73,4725;73,96;73,605;49;161394815;73,8649
09.06.2017;GBPRUB_TOM;72,9;72,26;72,9;72,6;108;98373860;72,4936
13.06.2017;GBPRUB_TOM;72,605;72,1225;72,675;72,675;71;111468027,5;72,3818
14.06.2017;GBPRUB_TOM;72,5;72,5;73,4025;73,285;88;76371772,5;72,9434
15.06.2017;GBPRUB_TOM;73,23;72,87;73,86;73,86;79;415069212,5;73,4246
16.06.2017;GBPRUB_TOM;73,72;73,3475;73,9125;73,81;52;199549900;73,6075
19.06.2017;GBPRUB_TOM;73,8;73,75;74,57;74,45;49;127960402,5;74,3956
20.06.2017;GBPRUB_TOM;74,71;74,275;75,4275;75,35;72;180540047,5;75,0686
21.06.2017;GBPRUB_TOM;75,5;75,28;76,445;76,3225;81;116735137,5;75,7037
22.06.2017;GBPRUB_TOM;76,4;75,57;76,4475;76,015;72;130482685;75,9503
23.06.2017;GBPRUB_TOM;76,11;75,5725;76,11;75,6475;51;157439237,5;75,8013
26.06.2017;GBPRUB_TOM;75,3975;74,81;75,4975;74,81;52;158711692,5;75,1832
27.06.2017;GBPRUB_TOM;75,0975;75,05;76,155;76,155;53;59311577,5;75,2685
28.06.2017;GBPRUB_TOM;75,9275;75,9275;77,35;76,7;63;43428482,5;76,5934
29.06.2017;GBPRUB_TOM;76,71;76,4675;77,44;77,255;42;20139307,5;76,8676
30.06.2017;GBPRUB_TOM;77,33;76,66;77,36;76,83;44;123956675;76,8485
03.07.2017;GBPRUB_TOM;76,58;76,575;77,0175;76,73;54;167029372,5;76,8658
04.07.2017;GBPRUB_TOM;76,95;76,4925;76,95;76,8125;58;48079372,5;76,6816
05.07.2017;GBPRUB_TOM;76,73;76,7275;77,92;77,58;95;156065102,5;77,4517
06.07.2017;GBPRUB_TOM;78;77,4;78,1;77,93;57;56976040;77,8361
07.07.2017;GBPRUB_TOM;78,1525;77,7875;78,22;77,8075;48;23556795;78,0026
10.07.2017;GBPRUB_TOM;77,65;77,555;78,5;77,76;56;88407867,5;77,6871
11.07.2017;GBPRUB_TOM;78,1975;78;78,6;78,07;83;55032702,5;78,2826
12.07.2017;GBPRUB_TOM;77,8375;77,2225;78,0625;77,35;65;138139442,5;77,7374
13.07.2017;GBPRUB_TOM;77,8;77,065;77,93;77,42;54;79977517,5;77,6481
14.07.2017;GBPRUB_TOM;77,6;76,98;77,6;77,49;49;34841040;77,2529
17.07.2017;GBPRUB_TOM;77,3325;77,0925;77,5925;77,5925;48;170293042,5;77,5116
18.07.2017;GBPRUB_TOM;77,8;76,71;77,9275;77,17;68;106557405;77,3837
19.07.2017;GBPRUB_TOM;77,22;76,79;77,22;76,79;41;53679852,5;77,0156
20.07.2017;GBPRUB_TOM;76,7725;76,3625;76,9625;76,48;58;34796400;76,6441
21.07.2017;GBPRUB_TOM;76,725;76,4775;77,13;77,13;50;43031282,5;76,8416
24.07.2017;GBPRUB_TOM;77,33;77,19;78,4475;78,1625;73;60770255;77,9106
25.07.2017;GBPRUB_TOM;78,1;77,8625;78,4575;78,1;44;34987170;78,0964
26.07.2017;GBPRUB_TOM;77,965;77,845;78,3275;77,87;49;94501842,5;78,0362
27.07.2017;GBPRUB_TOM;78,37;77,6475;78,92;77,7;65;58163207,5;78,1764
28.07.2017;GBPRUB_TOM;77,99;77,6125;78,2675;78,25;39;23870805;78,0092
31.07.2017;GBPRUB_TOM;78,4225;78,4225;79,34;79;67;153594225;78,7663
01.08.2017;GBPRUB_TOM;79,1625;78,9425;79,6275;79,6225;47;65728472,5;79,3822
02.08.2017;GBPRUB_TOM;80;79,97;80,45;80,0625;59;147640672,5;80,1524
03.08.2017;GBPRUB_TOM;80,3575;78,95;80,48;79,0275;67;78916617,5;79,7944
04.08.2017;GBPRUB_TOM;79,3575;78,025;79,4975;78,1375;82;187435615;78,8207
07.08.2017;GBPRUB_TOM;78,3425;78,0225;78,6825;78,16;38;27431245;78,375
08.08.2017;GBPRUB_TOM;78,1775;77,4625;78,3075;77,7675;70;59742510;77,8911
09.08.2017;GBPRUB_TOM;77,9675;77,8725;78,22;78,14;46;110295560;78,0577
10.08.2017;GBPRUB_TOM;77,82;77,6;78;78;47;322219752,5;77,7557
11.08.2017;GBPRUB_TOM;78,085;77,58;78,085;77,89;32;95526020;77,9168
14.08.2017;GBPRUB_TOM;77,79;77,37;77,8175;77,6;51;72561210;77,5227
15.08.2017;GBPRUB_TOM;77,5475;76,85;77,57;76,85;91;219320477,5;77,3072
16.08.2017;GBPRUB_TOM;76,7975;76,3025;76,9575;76,5975;66;97409402,5;76,64
17.08.2017;GBPRUB_TOM;76,55;76,0925;76,77;76,0925;83;496683132,5;76,401
18.08.2017;GBPRUB_TOM;76,4575;75,9075;76,6675;76,03;72;93099267,5;76,4362
21.08.2017;GBPRUB_TOM;76,0975;76,0125;76,2975;76,2675;43;50718857,5;76,1544
22.08.2017;GBPRUB_TOM;75,9225;75,6;75,9525;75,6875;56;62520550;75,7825
23.08.2017;GBPRUB_TOM;75,845;75,5;75,845;75,64;45;37079487,5;75,6724
24.08.2017;GBPRUB_TOM;75,6875;75,6875;75,92;75,75;44;15921500;75,8167
25.08.2017;GBPRUB_TOM;75,8;75,42;75,9775;75,42;69;51663955;75,7536
28.08.2017;GBPRUB_TOM;75,68;75,28;75,7475;75,5975;72;175578587,5;75,5827
29.08.2017;GBPRUB_TOM;75,76;75,76;76,3575;75,9675;53;51918655;76,1271
30.08.2017;GBPRUB_TOM;75,8575;75,4;75,9025;75,69;63;44462395;75,6163
31.08.2017;GBPRUB_TOM;75,765;74,8;75,765;74,9825;101;455657690;74,993
01.09.2017;GBPRUB_TOM;74,85;74,465;75,1725;74,475;71;236790227,5;74,7916
04.09.2017;GBPRUB_TOM;74,825;74,61;75,1;74,8;63;46146977,5;74,9139
05.09.2017;GBPRUB_TOM;75,4;74,47;75,4;75;57;60745905;74,8102
06.09.2017;GBPRUB_TOM;74,825;74,81;75,15;74,835;28;14920650;74,9781
07.09.2017;GBPRUB_TOM;74,7825;74,3925;74,7825;74,4775;59;42267572,5;74,546
08.09.2017;GBPRUB_TOM;74,9225;74,8625;75,895;75,72;112;156130185;75,2072
11.09.2017;GBPRUB_TOM;75,3775;75,27;75,59;75,3;60;211422240;75,3465
12.09.2017;GBPRUB_TOM;75,4125;75,4125;76,6775;76,6775;93;160223390;76,2605
13.09.2017;GBPRUB_TOM;77;76,35;77;76,5;81;87869792,5;76,5416
14.09.2017;GBPRUB_TOM;76,26;76;77,25;76,965;107;103614592,5;76,8654
15.09.2017;GBPRUB_TOM;77,0525;77,0525;78,5025;78,33;112;154013357,5;77,9026
18.09.2017;GBPRUB_TOM;78,32;77,9125;78,745;78,37;71;55813812,5;78,2802
19.09.2017;GBPRUB_TOM;78,44;78,3;78,845;78,68;59;51456887,5;78,5601
20.09.2017;GBPRUB_TOM;78,605;78,23;79,05;78,35;110;160745927,5;78,5659
21.09.2017;GBPRUB_TOM;78,69;78,265;78,745;78,5;84;140438272,5;78,4571
22.09.2017;GBPRUB_TOM;78,4775;77,46;78,4775;77,46;99;82397402,5;77,8803
25.09.2017;GBPRUB_TOM;78;77,25;78,005;77,505;75;92154215;77,6362
26.09.2017;GBPRUB_TOM;77,66;77,3;78,0925;77,83;49;101304280;77,5684
27.09.2017;GBPRUB_TOM;77,8;77,44;78,1325;77,96;53;151092405;77,7624
28.09.2017;GBPRUB_TOM;78,1975;77,6975;78,24;77,88;55;33686475;77,978
29.09.2017;GBPRUB_TOM;77,8625;77,045;77,8625;77,48;70;161163935;77,2228
02.10.2017;GBPRUB_TOM;77,08;76,7425;77,185;76,88;74;117487845;76,9907
03.10.2017;GBPRUB_TOM;76,9475;76,615;76,9625;76,615;50;43488872,5;76,8355
04.10.2017;GBPRUB_TOM;76,5125;76,38;76,7525;76,4275;50;36791427,5;76,4895
05.10.2017;GBPRUB_TOM;76,2;75,4325;76,2;75,5275;64;125355877,5;75,8354
06.10.2017;GBPRUB_TOM;75,4;75,4;76,03;75,91;75;65811307,5;75,7322
09.10.2017;GBPRUB_TOM;76,4;76,1;76,9;76,7375;60;87008055;76,6591
10.10.2017;GBPRUB_TOM;76,5725;76,25;76,585;76,5625;38;25478447,5;76,5119
11.10.2017;GBPRUB_TOM;76,4375;76,2375;76,5625;76,5625;29;30984295;76,316
12.10.2017;GBPRUB_TOM;76,42;75,75;76,6;76,23;87;134237565;76,228
13.10.2017;GBPRUB_TOM;76,75;75,96;76,75;76,05;81;127505025;76,3961
16.10.2017;GBPRUB_TOM;75,9;75,7675;76,2725;76;46;14361192,5;75,9851
17.10.2017;GBPRUB_TOM;76,1575;75,5525;76,1575;75,6;80;120463015;75,7629
18.10.2017;GBPRUB_TOM;75,44;75,33;75,84;75,84;37;35267822,5;75,682
19.10.2017;GBPRUB_TOM;75,8525;75,4075;76;75,4075;59;60699425;75,7796
20.10.2017;GBPRUB_TOM;75,355;75,35;75,9475;75,8675;49;24447430;75,6886
23.10.2017;GBPRUB_TOM;75,9175;75,6625;76;75,95;44;19096730;75,7807
24.10.2017;GBPRUB_TOM;75,89;75,6;76,0125;75,75;46;39782252,5;75,7757
25.10.2017;GBPRUB_TOM;75,515;75,515;76,6075;76,52;69;99660117,5;76,251
26.10.2017;GBPRUB_TOM;76,4875;75,9475;76,5425;76,15;42;55367247,5;76,1585
27.10.2017;GBPRUB_TOM;75,9925;75,9625;76,8;76,27;58;90244642,5;76,4138
30.10.2017;GBPRUB_TOM;76,2975;75,9725;76,5;76,4425;38;116196990;76,0452
31.10.2017;GBPRUB_TOM;76,6625;76,6625;77,6;77,5525;53;77673862,5;77,2106
01.11.2017;GBPRUB_TOM;77,4075;77;77,5025;77,22;46;156239275;77,3079
02.11.2017;GBPRUB_TOM;77,1725;75,98;77,1725;76,02;128;454238590;76,4454
03.11.2017;GBPRUB_TOM;76,1075;76,1075;77,4775;77,065;84;118263437,5;76,9944
07.11.2017;GBPRUB_TOM;76,7;76,7;78,15;78,13;76;66559277,5;77,7562
08.11.2017;GBPRUB_TOM;76,6475;76,6475;78,16;77,63;60;26489682,5;77,9108
09.11.2017;GBPRUB_TOM;77,8175;77,5675;78,13;78,05;43;26313920;77,8518
10.11.2017;GBPRUB_TOM;77,85;77,8;78,2;78,17;44;62200022,5;77,9449
13.11.2017;GBPRUB_TOM;77,565;77,375;78,0175;78,0075;68;130180047,5;77,7194
14.11.2017;GBPRUB_TOM;77,9775;77,895;79,255;79,23;67;138398607,5;78,5018
15.11.2017;GBPRUB_TOM;79,425;79,12;79,585;79,18;39;160455145;79,4332
16.11.2017;GBPRUB_TOM;79,055;78,6;79,1225;78,6;35;77957810;78,9846
17.11.2017;GBPRUB_TOM;78,91;78;79,07;78,075;58;46651137,5;78,5373
20.11.2017;GBPRUB_TOM;78,37;78,35;78,8975;78,52;42;80732695;78,6102
21.11.2017;GBPRUB_TOM;78,7275;78,26;78,8225;78,265;35;29660427,5;78,6749
22.11.2017;GBPRUB_TOM;78,4475;77,5725;78,4475;77,885;51;23704315;77,9747
23.11.2017;GBPRUB_TOM;77,9;77,6275;77,9;77,71;39;83715252,5;77,73
24.11.2017;GBPRUB_TOM;77,7975;77,7;78,045;77,8;33;41889862,5;77,8622
27.11.2017;GBPRUB_TOM;77,7875;77,5;77,95;77,95;47;24228917,5;77,6568
28.11.2017;GBPRUB_TOM;77,8525;77,25;78,095;78,095;60;48621797,5;77,4232
29.11.2017;GBPRUB_TOM;78,1675;78,0725;78,81;78,755;61;54895357,5;78,3101
30.11.2017;GBPRUB_TOM;78,7075;78,5875;79,1;79,05;55;25835110;78,7656
01.12.2017;GBPRUB_TOM;79,1;78,8475;79,805;79,3;72;180537632,5;79,3223
04.12.2017;GBPRUB_TOM;79,15;79,05;79,7375;79,17;65;129036442,5;79,3094
05.12.2017;GBPRUB_TOM;78,9825;78,5;79;78,88;54;60352192,5;78,8918
06.12.2017;GBPRUB_TOM;78,9625;78,8725;79,28;79,28;58;80407282,5;79,0632
07.12.2017;GBPRUB_TOM;79,325;78,9;79,7;79,7;46;75062315;79,431
08.12.2017;GBPRUB_TOM;79,8475;79,26;80,1175;79,28;70;85579180;79,6085
11.12.2017;GBPRUB_TOM;79,3375;78,71;79,3575;78,71;36;32370875;79,1464
12.12.2017;GBPRUB_TOM;78,5;78,4;78,9525;78,895;58;56643690;78,6718
13.12.2017;GBPRUB_TOM;78,9325;78,35;79,0325;78,35;63;60254685;78,6615
14.12.2017;GBPRUB_TOM;78,8625;78,6825;79,15;79;53;78125822,5;78,8353
15.12.2017;GBPRUB_TOM;79,3;78,28;79,3;78,39;69;124800432,5;78,6392
18.12.2017;GBPRUB_TOM;77,8;77,8;78,7275;78,54;47;45197147,5;78,4673
19.12.2017;GBPRUB_TOM;78,4625;78,27;78,65;78,65;54;64236502,5;78,4328
20.12.2017;GBPRUB_TOM;78,5575;78,5225;78,7675;78,57;35;54147115;78,588
21.12.2017;GBPRUB_TOM;78,2325;78,0275;78,3525;78,295;61;49899570;78,2125
22.12.2017;GBPRUB_TOM;78,1325;77,8975;78,145;78,07;64;234344860;78,0369
25.12.2017;GBPRUB_TOM;77,7;77,395;78,27;77,805;81;90884070;77,8117
26.12.2017;GBPRUB_TOM;77,6;77;77,6;77,1475;100;155427972,5;77,2121
27.12.2017;GBPRUB_TOM;76,8575;76,85;79,285;77,5725;59;90999457,5;77,4463
28.12.2017;GBPRUB_TOM;77,5575;77,24;77,655;77,375;53;96321965;77,367
29.12.2017;GBPRUB_TOM;77,6775;77,5775;78,495;78,3;69;194067180;77,7513
03.01.2018;GBPRUB_TOM;78,15;77,51;78,4825;77,74;13;13305970;78,2704
04.01.2018;GBPRUB_TOM;77,8375;77;78,18;77;45;19427260;77,3994
05.01.2018;GBPRUB_TOM;77,695;77,3125;77,855;77,835;15;6516627,5;77,5789
09.01.2018;GBPRUB_TOM;77,3375;76,985;77,34;77,145;48;69071807,5;77,1752
10.01.2018;GBPRUB_TOM;76,9125;76,7875;77,3;77,0975;59;50082072,5;77,0493
11.01.2018;GBPRUB_TOM;76,8375;76,5;77,62;76,5;56;25099782,5;76,7577
12.01.2018;GBPRUB_TOM;76,6275;76,6175;77,7;77,7;43;24863467,5;77,2157
15.01.2018;GBPRUB_TOM;77,5225;77,3775;78,04;77,9125;60;176925612,5;77,8037
16.01.2018;GBPRUB_TOM;77,72;77,64;78;78;40;32490455;77,7284
17.01.2018;GBPRUB_TOM;78,0275;77,8925;78,855;78,75;54;66061332,5;78,2717
18.01.2018;GBPRUB_TOM;78,3475;78,3475;78,6875;78,485;26;68084892,5;78,4388
19.01.2018;GBPRUB_TOM;78,6275;78,4275;78,9125;78,5;36;36586302,5;78,6802
22.01.2018;GBPRUB_TOM;78,6825;78,5975;79,02;79,02;36;30875115;78,763
23.01.2018;GBPRUB_TOM;78,7125;78,68;79,1275;78,93;46;34606280;78,8298
24.01.2018;GBPRUB_TOM;79;79;80,1025;79,89;58;109651165;79,6305
25.01.2018;GBPRUB_TOM;79,8275;78,855;79,835;79,035;45;47901267,5;79,4383
26.01.2018;GBPRUB_TOM;79,5575;79,4025;79,8475;79,6;44;67917487,5;79,5287
29.01.2018;GBPRUB_TOM;79,49;79,11;79,62;79,3;58;77791380;79,379
30.01.2018;GBPRUB_TOM;78,9075;78,7425;79,73;79,73;55;66911715;79,0919
31.01.2018;GBPRUB_TOM;80;79,3875;80;79,99;36;31628315;79,6683
01.02.2018;GBPRUB_TOM;79,7375;79,7075;80,1625;79,8;67;78265532,5;79,9444
02.02.2018;GBPRUB_TOM;79,8725;79,6;80,1775;79,6925;40;55521525;79,8871
05.02.2018;GBPRUB_TOM;79,84;79,5;80,0075;79,8;62;79755955;79,756
06.02.2018;GBPRUB_TOM;79,8875;79,3025;80,0575;79,5;63;66366322,5;79,8632
07.02.2018;GBPRUB_TOM;79,4925;79,3325;79,7925;79,79;49;32688222,5;79,5334
08.02.2018;GBPRUB_TOM;79,9675;79,9525;81,3175;81,2;77;219538942,5;80,4467
09.02.2018;GBPRUB_TOM;81,2375;80,395;81,2375;80,77;51;25022360;80,7173
12.02.2018;GBPRUB_TOM;80,4;79,77;80,4;79,77;39;24300337,5;80,1991
13.02.2018;GBPRUB_TOM;80,0975;80,03;80,465;80,05;45;39879700;80,2408
14.02.2018;GBPRUB_TOM;80;79,38;80,1775;79,38;59;102600385;79,7206
15.02.2018;GBPRUB_TOM;79,2725;79,2725;79,9575;79,4;41;38162702,5;79,6716
16.02.2018;GBPRUB_TOM;79,6775;79;79,7175;79;68;98577305;79,306
19.02.2018;GBPRUB_TOM;78,9975;78,89;79,1625;78,9275;48;27507512,5;79,0446
20.02.2018;GBPRUB_TOM;78,88;78,8;79,44;79,08;54;31236447,5;79,0796
21.02.2018;GBPRUB_TOM;79,15;78,75;79,3175;78,99;60;87819630;79,0456
22.02.2018;GBPRUB_TOM;78,8;78,7;78,9825;78,835;49;38959960;78,8663
26.02.2018;GBPRUB_TOM;78,4475;77,85;78,68;77,85;85;95625027,5;78,125
27.02.2018;GBPRUB_TOM;77,755;77,755;78,255;78,255;71;32117445;77,955
28.02.2018;GBPRUB_TOM;78,35;77,445;78,3675;77,54;90;220722722,5;77,7193
01.03.2018;GBPRUB_TOM;77,7675;77,6;78,33;78,33;59;37019360;78,0999
02.03.2018;GBPRUB_TOM;78,2675;78;78,93;78,8375;47;33106470;78,6377
05.03.2018;GBPRUB_TOM;78,5575;78,25;78,9875;78,25;55;23248132,5;78,8072
06.03.2018;GBPRUB_TOM;78,1175;78,05;78,79;78,79;46;32381640;78,4059
07.03.2018;GBPRUB_TOM;78,9975;78,7225;79,0575;78,93;58;66433857,5;78,9001
09.03.2018;GBPRUB_TOM;78,93;78,5;78,93;78,5;11;4565140;78,7093
12.03.2018;GBPRUB_TOM;78,65;78,4275;79,1;78,985;47;29722210;78,8388
13.03.2018;GBPRUB_TOM;78,96;78,9225;79,725;79,7;52;47388872,5;79,1133
14.03.2018;GBPRUB_TOM;79,7125;79,2975;79,8675;79,7575;49;72971377,5;79,5762
15.03.2018;GBPRUB_TOM;79,7025;79,2725;80,2525;80,1;66;74299960;79,8924
16.03.2018;GBPRUB_TOM;80,1225;80,0775;80,4875;80,2825;75;255577650;80,219
19.03.2018;GBPRUB_TOM;80,12;80,0325;81,6175;81,15;76;73834305;81,2259
20.03.2018;GBPRUB_TOM;81,1175;80,5225;81,2275;80,585;56;26192312,5;80,8405
21.03.2018;GBPRUB_TOM;80,6375;80,3475;81,0575;80,3475;67;88802325;80,8028
22.03.2018;GBPRUB_TOM;80,5025;80,3725;80,9025;80,75;54;123113697,5;80,5191
23.03.2018;GBPRUB_TOM;80,5975;80,5125;80,9675;80,7975;38;31356267,5;80,8151
26.03.2018;GBPRUB_TOM;80,685;80,685;81,7725;81,505;62;26126642,5;81,1386
27.03.2018;GBPRUB_TOM;81,3875;80,51;81,3875;81,2725;56;67550692,5;81,1907
28.03.2018;GBPRUB_TOM;81,5;81,25;81,6;81,3;46;42696925;81,4827
29.03.2018;GBPRUB_TOM;81,2025;80,4;81,3675;80,4225;61;77219840;80,9432
30.03.2018;GBPRUB_TOM;80,4025;80,08;80,7675;80,08;60;43320482,5;80,5213
02.04.2018;GBPRUB_TOM;80,45;80,45;80,9425;80,8825;58;42859200;80,7141
03.04.2018;GBPRUB_TOM;80,7725;80,7725;81,1525;80,86;62;61218280;80,9766
04.04.2018;GBPRUB_TOM;81,1075;80,9;81,5;80,9;71;19652780;81,2098
05.04.2018;GBPRUB_TOM;80,9825;80,65;80,9875;80,7225;53;25784500;80,8292
06.04.2018;GBPRUB_TOM;81,0025;80,86;81,95;81,92;82;56587205;81,3035
09.04.2018;GBPRUB_TOM;82,33;82,33;85,5;85,235;130;339043970;84,6552
10.04.2018;GBPRUB_TOM;86;85,99;90,0275;89,22;136;176950175;89,1886
11.04.2018;GBPRUB_TOM;90,5;88,4475;92,2225;88,965;132;74662430;90,8302
12.04.2018;GBPRUB_TOM;89,1325;87,07;89,1325;88,05;72;54592262,5;87,9102
13.04.2018;GBPRUB_TOM;87,7375;87,5825;88,7475;88,125;62;32375997,5;87,9783
16.04.2018;GBPRUB_TOM;88,8;87,5;89,3075;87,755;88;40806450;88,9029
17.04.2018;GBPRUB_TOM;87,4875;87,4875;88,6725;87,99;64;24484167,5;88,0725
18.04.2018;GBPRUB_TOM;88,2025;86,49;88,3625;86,49;79;84454847,5;87,4274
19.04.2018;GBPRUB_TOM;86,1725;85,79;86,9275;85,79;72;70313930;86,7003
20.04.2018;GBPRUB_TOM;85,985;85,985;86,5575;86,04;54;25689127,5;86,2051
23.04.2018;GBPRUB_TOM;86,1175;86;86,8875;86,22;77;109563747,5;86,4067
24.04.2018;GBPRUB_TOM;86;85,7175;86,2;86;81;47190835;85,9578
25.04.2018;GBPRUB_TOM;86,2125;86,0025;87,0575;86,9;68;92191380;86,2408
26.04.2018;GBPRUB_TOM;86,9475;86,9175;88;87,26;77;30041752,5;87,5853
27.04.2018;GBPRUB_TOM;87,31;85,2;87,31;85,72;121;481015950;86,4204
28.04.2018;GBPRUB_TOM;85,83;85,6;86,25;86,15;47;73710122,5;85,9092
30.04.2018;GBPRUB_TOM;85,895;85,755;86,85;86,635;17;4913842,5;86,2078
02.05.2018;GBPRUB_TOM;86,2;86,045;87,4;86,9;38;5650795;86,9353
03.05.2018;GBPRUB_TOM;86,5925;85,35;86,5925;85,5;91;248279312,5;85,9395
04.05.2018;GBPRUB_TOM;85,74;84,5;86,0075;84,695;83;94386582,5;85,6503
07.05.2018;GBPRUB_TOM;84,7575;84,7575;85,3;85,2225;86;59012210;85,032
08.05.2018;GBPRUB_TOM;85,3775;85,175;86,11;85,775;54;44539917,5;85,4893
10.05.2018;GBPRUB_TOM;85;83,2225;85;83,37;104;35718555;84,0437
11.05.2018;GBPRUB_TOM;83,5575;83,4175;84,0225;83,8;72;84368865;83,6163
14.05.2018;GBPRUB_TOM;83,8375;83,68;84,0275;83,8325;57;60893645;83,8755
15.05.2018;GBPRUB_TOM;83,9875;83,7025;84,5275;84,1;66;81946802,5;83,9619
16.05.2018;GBPRUB_TOM;84,0775;83,2025;84,3825;83,205;60;26452795;83,9771
17.05.2018;GBPRUB_TOM;83,5825;83,42;84;83,94;58;31952747,5;83,6459
18.05.2018;GBPRUB_TOM;83,9175;83,6275;84,3125;84,125;47;37670707,5;83,8991
21.05.2018;GBPRUB_TOM;83,8725;82,55;84,0775;82,81;100;251161502,5;83,5534
22.05.2018;GBPRUB_TOM;82,5975;82;82,6675;82,29;93;130470187,5;82,4196
23.05.2018;GBPRUB_TOM;82,15;81,85;82,6225;81,89;69;40679230;82,1803
24.05.2018;GBPRUB_TOM;82,0575;82,0325;82,5275;82,2375;61;30615270;82,2991
25.05.2018;GBPRUB_TOM;82,3425;82,2425;83;83;65;54219660;82,6519
28.05.2018;GBPRUB_TOM;83,01;82,7425;83,2;83,0475;59;48677045;83,0666
29.05.2018;GBPRUB_TOM;83,0075;82,82;83,335;83,335;54;86462712,5;83,0574
30.05.2018;GBPRUB_TOM;83,335;82,415;83,99;82,4475;68;70315412,5;82,9191
31.05.2018;GBPRUB_TOM;82,7125;82,5325;83;83;61;19365400;82,7581
01.06.2018;GBPRUB_TOM;82,685;82,5025;83,0525;83,01;49;25252282,5;82,7944
04.06.2018;GBPRUB_TOM;82,9275;82,5575;82,9975;82,65;66;41759625;82,8564
05.06.2018;GBPRUB_TOM;82,5;82,5;83,37;83,17;58;54765737,5;83,1043
06.06.2018;GBPRUB_TOM;83,2075;82,965;83,4675;82,965;64;239398300;83,269
07.06.2018;GBPRUB_TOM;83,1175;82,93;83,98;83,98;99;324167140;83,3549
08.06.2018;GBPRUB_TOM;84;83,3825;84,32;83,6;74;77447217,5;83,9992
09.06.2018;GBPRUB_TOM;83,68;83,405;84,1;84,07;46;31369690;83,8762
11.06.2018;GBPRUB_TOM;83,485;83,2325;83,8125;83,8125;22;12784672,5;83,56
13.06.2018;GBPRUB_TOM;84,175;83,3025;84,3875;83,5825;91;86733440;83,7195
14.06.2018;GBPRUB_TOM;83,5875;82,7425;83,5875;82,7425;83;35154192,5;83,1068
15.06.2018;GBPRUB_TOM;82,7975;82,7575;84,0625;83,905;84;67744010;83,4286
18.06.2018;GBPRUB_TOM;83,8425;83,7725;84,47;83,995;79;55901920;84,063
19.06.2018;GBPRUB_TOM;84,5;83,91;84,6575;83,91;70;68203990;84,2025
20.06.2018;GBPRUB_TOM;83,8125;83,55;83,93;83,93;50;121298155;83,7694
21.06.2018;GBPRUB_TOM;83,8;83,62;84,5475;84,405;83;239899642,5;83,8517
22.06.2018;GBPRUB_TOM;84,02;83,3;84,2;83,35;96;84197772,5;83,7789
25.06.2018;GBPRUB_TOM;83,3525;83,1225;83,6975;83,46;73;72662062,5;83,3281
26.06.2018;GBPRUB_TOM;83,2825;83,15;83,6625;83,34;57;71236292,5;83,4149
27.06.2018;GBPRUB_TOM;83,5775;82,6925;83,6475;82,95;90;108214655;83,242
28.06.2018;GBPRUB_TOM;82,7975;82,2;82,9125;82,2;157;1112947333;82,4222
29.06.2018;GBPRUB_TOM;82,1275;82,1275;82,98;82,98;61;51025427,5;82,5654
02.07.2018;GBPRUB_TOM;83,3;82,7725;83,4;83,33;76;560035420;83,042
03.07.2018;GBPRUB_TOM;83,3;83,1325;83,4975;83,35;50;30911665;83,3199
04.07.2018;GBPRUB_TOM;83,5;83,3825;83,8;83,685;70;90105752,5;83,586
05.07.2018;GBPRUB_TOM;83,8;83,3;83,8675;83,44;80;51031627,5;83,6584
06.07.2018;GBPRUB_TOM;83,5475;83,4725;83,7975;83,5875;47;21406862,5;83,6206
09.07.2018;GBPRUB_TOM;83,6075;82,6975;83,8975;82,755;116;198230825;83,5712
10.07.2018;GBPRUB_TOM;82,7425;81,87;83,0375;81,87;129;123021787,5;82,6204
11.07.2018;GBPRUB_TOM;82,4;81,8075;82,5475;82,32;116;105714397,5;82,204
12.07.2018;GBPRUB_TOM;82,3425;81,9525;82,3425;82,275;66;95407935;82,1067
13.07.2018;GBPRUB_TOM;81,9525;81,6875;82,87;82,75;99;82436445;82,0263
16.07.2018;GBPRUB_TOM;82,495;82,2725;82,7375;82,45;64;65537902,5;82,5414
17.07.2018;GBPRUB_TOM;82,7725;81,7975;82,9;82,08;91;58029022,5;82,4276
18.07.2018;GBPRUB_TOM;82,3575;82,1075;82,5325;82,255;65;60152427,5;82,2879
19.07.2018;GBPRUB_TOM;82,4575;82,25;82,95;82,91;77;167766997,5;82,5219
20.07.2018;GBPRUB_TOM;82,8425;82,4875;83,44;83,44;68;45801487,5;83,1243
23.07.2018;GBPRUB_TOM;83,25;82,54;83,2875;82,61;73;292286090;82,7069
24.07.2018;GBPRUB_TOM;82,61;82,3225;83,1425;83,1425;70;67758095;82,5312
25.07.2018;GBPRUB_TOM;83,0425;82,6575;83,1;83,0225;51;39543392,5;82,9002
26.07.2018;GBPRUB_TOM;83,1;82,4425;83,15;82,54;68;407611982,5;83,0336
27.07.2018;GBPRUB_TOM;82,4925;82,2175;82,6375;82,305;66;44092325;82,4156
30.07.2018;GBPRUB_TOM;82,3525;81,7;82,4375;81,7475;112;71726222,5;81,9728
31.07.2018;GBPRUB_TOM;81,8475;81,75;82,1825;81,84;72;43634870;82,0204
01.08.2018;GBPRUB_TOM;82,155;81,9825;82,74;82,7;85;205930747,5;82,2736
02.08.2018;GBPRUB_TOM;82,5875;82,32;83;82,51;100;62913722,5;82,6724
03.08.2018;GBPRUB_TOM;82,5;82,1775;82,5775;82,3;85;44651570;82,383
06.08.2018;GBPRUB_TOM;82,345;82,27;82,5775;82,4075;69;70204627,5;82,3998
07.08.2018;GBPRUB_TOM;82,41;82,0925;82,41;82,195;105;74933162,5;82,2537
08.08.2018;GBPRUB_TOM;82,1475;82,1475;84,5725;84,38;133;88086025;83,1
09.08.2018;GBPRUB_TOM;85,6575;84,73;85,695;85,39;91;80803710;85,0565
10.08.2018;GBPRUB_TOM;85,65;85,1;86,61;86,43;90;201603347,5;85,389
13.08.2018;GBPRUB_TOM;87;86,15;87,0675;86,62;74;41787152,5;86,6953
14.08.2018;GBPRUB_TOM;85,5025;84,385;85,74;84,385;112;221315867,5;85,2198
15.08.2018;GBPRUB_TOM;84,4575;84,3425;85,9;85,4;95;246681870;85,2391
16.08.2018;GBPRUB_TOM;85,2;84,7825;85,23;84,94;66;133346830;85,0969
17.08.2018;GBPRUB_TOM;85,1025;85,04;86;85,6175;62;65455497,5;85,6747
20.08.2018;GBPRUB_TOM;85,65;85,4425;85,935;85,935;65;39328760;85,6836
21.08.2018;GBPRUB_TOM;85,8;85,8;86,9275;86,6425;85;90202632,5;86,5668
22.08.2018;GBPRUB_TOM;87;86,9175;88,2025;88,065;81;55461700;87,6172
23.08.2018;GBPRUB_TOM;88,18;86,8775;88,74;87,46;98;251544730;87,7074
24.08.2018;GBPRUB_TOM;87;86,2375;87,1875;86,2375;78;43912375;86,9552
27.08.2018;GBPRUB_TOM;86,3875;86,3025;87,22;87;83;225125400;86,3873
28.08.2018;GBPRUB_TOM;86,8325;86,8325;87,45;87,34;58;33469937,5;87,1613
29.08.2018;GBPRUB_TOM;87,55;87,3525;88,8225;88,555;69;39293177,5;87,9042
30.08.2018;GBPRUB_TOM;88,6125;88,4475;88,88;88,79;54;24558700;88,6596
31.08.2018;GBPRUB_TOM;88,5;87,46;88,6875;87,46;88;116410927,5;88,257
03.09.2018;GBPRUB_TOM;87,425;87,35;87,7675;87,705;74;84408240;87,6513
04.09.2018;GBPRUB_TOM;87,7175;87,25;87,9;87,57;95;323380832,5;87,7084
05.09.2018;GBPRUB_TOM;87,85;87,5075;88,6875;88,07;86;92335747,5;88,0226
06.09.2018;GBPRUB_TOM;88,1825;88,0325;89,9575;89,5;110;234217037,5;89,3617
07.09.2018;GBPRUB_TOM;89,5475;89,1;90,5175;90,3;116;268392150;89,3747
10.09.2018;GBPRUB_TOM;90,2375;90,0925;91,9975;91,91;117;140355255;90,4934
11.09.2018;GBPRUB_TOM;91,5;90,44;91,5075;90,5;100;74379115;91,1509
12.09.2018;GBPRUB_TOM;90,575;89,575;90,8;90,11;90;183958700;89,9114
13.09.2018;GBPRUB_TOM;89,67;88,77;90,02;89,515;106;256214987,5;89,2424
14.09.2018;GBPRUB_TOM;89,48;88,585;89,9725;89,06;117;384694850;89,0291
17.09.2018;GBPRUB_TOM;89,145;89,145;89,575;89,57;62;80046315;89,3374
18.09.2018;GBPRUB_TOM;89,26;88,59;89,3;88,62;70;47993117,5;88,8761
19.09.2018;GBPRUB_TOM;88,05;87,67;88,44;87,89;98;51072930;88,0568
20.09.2018;GBPRUB_TOM;87,745;87,4825;88,44;88,015;96;316161450;87,7495
21.09.2018;GBPRUB_TOM;87,97;86,825;87,97;86,96;119;225178677,5;87,1435
24.09.2018;GBPRUB_TOM;86,75;86,25;86,7975;86,365;99;77256807,5;86,6108
25.09.2018;GBPRUB_TOM;86,04;86,0025;86,7;86,7;68;178022262,5;86,5446
26.09.2018;GBPRUB_TOM;86,8575;86,4125;87,055;86,87;69;47192802,5;86,7515
27.09.2018;GBPRUB_TOM;86,52;85,47;86,52;85,69;88;188314022,5;86,0274
28.09.2018;GBPRUB_TOM;85,755;85,33;85,9275;85,5;81;122016742,5;85,6859
01.10.2018;GBPRUB_TOM;85,5025;84,61;85,8925;84,74;120;241764707,5;85,6107
02.10.2018;GBPRUB_TOM;84,73;84,645;85,16;85,16;82;54381820;84,839
03.10.2018;GBPRUB_TOM;85,0775;84,96;85,5575;85,47;74;39228025;85,2783
04.10.2018;GBPRUB_TOM;85,61;85,61;87,185;87,185;77;69009820;86,6958
05.10.2018;GBPRUB_TOM;86,92;86,7275;87,3225;87,3225;78;113497587,5;86,8382
08.10.2018;GBPRUB_TOM;87,745;87;87,745;87,16;71;70789825;87,1796
09.10.2018;GBPRUB_TOM;86,8;86,7;87,33;87,065;50;45785475;87,0446
10.10.2018;GBPRUB_TOM;87,1675;86,9175;88,22;88,21;79;34780052,5;87,3871
11.10.2018;GBPRUB_TOM;88,2575;87,24;88,3875;87,65;71;125305710;87,6877
12.10.2018;GBPRUB_TOM;87,65;86,95;87,65;86,97;60;35839640;87,2011
15.10.2018;GBPRUB_TOM;86,2525;85,9925;86,5325;86,3375;82;40883000;86,2511
16.10.2018;GBPRUB_TOM;86,3225;86,11;86,6225;86,11;94;618295712,5;86,4749
17.10.2018;GBPRUB_TOM;86,07;85,7675;86,225;85,9;87;54618412,5;86,0132
18.10.2018;GBPRUB_TOM;86,0475;85,69;86,1475;85,7;84;121286162,5;85,8967
19.10.2018;GBPRUB_TOM;85,7;85,25;85,84;85,59;90;33376377,5;85,5805
22.10.2018;GBPRUB_TOM;85,46;84,3425;85,46;84,625;105;59262097,5;85,0245
23.10.2018;GBPRUB_TOM;84,7325;84,6825;85,3;85,13;81;55800210;85,0613
24.10.2018;GBPRUB_TOM;85;83,93;85,1275;84,1875;113;140089097,5;84,5949
25.10.2018;GBPRUB_TOM;85;83,93;85;84,075;121;100748910;84,5919
26.10.2018;GBPRUB_TOM;84,1;84,03;84,4175;84,255;102;81672960;84,1989
29.10.2018;GBPRUB_TOM;84,4825;84;84,585;84,115;98;132086705;84,1317
30.10.2018;GBPRUB_TOM;84,1725;83,305;84,1725;83,3225;123;51320377,5;83,72
31.10.2018;GBPRUB_TOM;83,4325;83,3025;84,215;84,1525;86;149317467,5;83,8862
01.11.2018;GBPRUB_TOM;84,485;84,4575;85,555;85,545;117;92361100;84,8907
02.11.2018;GBPRUB_TOM;85,31;85,2775;85,885;85,81;80;56272647,5;85,6509
06.11.2018;GBPRUB_TOM;85,9975;85,8825;86,55;86,55;85;88712037,5;86,2119
07.11.2018;GBPRUB_TOM;86,5575;86,5575;87,0825;87,05;68;36229395;86,881
08.11.2018;GBPRUB_TOM;86,87;86,705;87,395;87,3;66;36519692,5;86,9516
09.11.2018;GBPRUB_TOM;87,15;86,9475;88,285;88,285;102;43036955;87,4735
12.11.2018;GBPRUB_TOM;87,57;86,6825;87,57;87,04;94;47120695;86,9386
13.11.2018;GBPRUB_TOM;87,38;87,1375;88,5;88,27;76;54060897,5;87,7612
14.11.2018;GBPRUB_TOM;88,46;86,7425;88,6725;87,6;130;77047750;87,7537
15.11.2018;GBPRUB_TOM;86,915;84,15;86,915;84,21;230;125156805;85,1407
16.11.2018;GBPRUB_TOM;84,3;84,3;84,82;84,685;108;53138677,5;84,6157
19.11.2018;GBPRUB_TOM;84,7475;84,25;84,9975;84,25;115;47620685;84,7343
20.11.2018;GBPRUB_TOM;84,33;84,235;84,7825;84,65;89;150953517,5;84,5204
21.11.2018;GBPRUB_TOM;84,4275;83,805;84,5475;83,99;135;134945632,5;84,2357
22.11.2018;GBPRUB_TOM;83,99;83,7775;84,65;84,56;105;81599990;84,1237
23.11.2018;GBPRUB_TOM;84,6625;84,26;85,1175;84,885;104;169112197,5;84,7255
26.11.2018;GBPRUB_TOM;85,1475;85,1275;86,6125;86,04;129;227796137,5;86,0908
27.11.2018;GBPRUB_TOM;85,3575;84,8975;85,75;85,4;80;31283175;85,2403
28.11.2018;GBPRUB_TOM;85,27;85,15;86,2575;85,965;85;175398480;85,6438
29.11.2018;GBPRUB_TOM;85,7025;84,3;85,7775;84,61;132;281808577,5;84,7545
30.11.2018;GBPRUB_TOM;84,92;84,8375;85,66;85,45;96;320208097,5;85,2751
03.12.2018;GBPRUB_TOM;84,835;84,425;85,2525;84,64;111;79753655;84,7541
04.12.2018;GBPRUB_TOM;84,6475;84,5;85,2575;85;75;58402347,5;84,8871
05.12.2018;GBPRUB_TOM;84,8575;84,75;85,35;84,75;81;29177785;85,0664
06.12.2018;GBPRUB_TOM;84,8775;84,7475;85,72;85,3;86;62341865;85,3998
07.12.2018;GBPRUB_TOM;85,5275;84,2;85,6275;84,64;167;227691525;84,8329
10.12.2018;GBPRUB_TOM;84,5;83,305;84,5;83,73;251;174096647,5;84,0235
11.12.2018;GBPRUB_TOM;83,72;82,855;83,9475;82,855;191;244003887,5;83,6776
12.12.2018;GBPRUB_TOM;82,9925;82,95;84,03;83,92;167;115351535;83,4067
13.12.2018;GBPRUB_TOM;83,81;83,6475;84,16;83,86;88;37580382,5;83,8848
14.12.2018;GBPRUB_TOM;83,86;83,4925;84,02;83,92;121;540874005;83,5069
